asset_role,asset_const,head_or_body_id,file_const,file_id,rom_or_external_filename,loose_override_exists,source,notes,example_mp_slot,example_character_name,example_mpbody_const
BODY,BODY_DARK_COMBAT,0x0056,FILE_CDARK_COMBAT,0x0042,Cdark_combatZ,False,mp_character_model_assets_2026-06-18.csv,,0x00,Joanna Combat,MPBODY_DARK_COMBAT
HEAD,HEAD_DARK_COMBAT,0x0004,FILE_CHEADDARK_COMBAT,0x019C,Cheaddark_combatZ,False,mp_character_model_assets_2026-06-18.csv,,0x00,Joanna Combat,MPBODY_DARK_COMBAT
HAND,,,FILE_GCOMBATHANDSLOD,0x04E5,GcombathandslodZ,False,mp_character_model_assets_2026-06-18.csv,,0x00,Joanna Combat,MPBODY_DARK_COMBAT
BODY,BODY_DARK_TRENCH,0x0062,FILE_CDARK_TRENCH,0x0044,Cdark_trenchZ,False,mp_character_model_assets_2026-06-18.csv,,0x01,Joanna Trench Coat,MPBODY_DARK_TRENCH
HAND,,,FILE_GHAND_JOTRENCH,0x052C,Ghand_jotrenchZ,False,mp_character_model_assets_2026-06-18.csv,,0x01,Joanna Trench Coat,MPBODY_DARK_TRENCH
BODY,BODY_DARK_FROCK,0x0061,FILE_CDARK_FROCK,0x0043,Cdark_frockZ,False,mp_character_model_assets_2026-06-18.csv,,0x02,Joanna Party Frock,MPBODY_DARK_FROCK
HEAD,HEAD_DARK_FROCK,0x000C,FILE_CHEADDARK_FROCK,0x01A4,Cheaddark_frockZ,False,mp_character_model_assets_2026-06-18.csv,,0x02,Joanna Party Frock,MPBODY_DARK_FROCK
HAND,,,FILE_GHAND_JOFROCK,0x052B,Ghand_jofrockZ,False,mp_character_model_assets_2026-06-18.csv,,0x02,Joanna Party Frock,MPBODY_DARK_FROCK
BODY,BODY_DARK_RIPPED,0x006D,FILE_CDARK_RIPPED,0x01B1,Cdark_rippedZ,False,mp_character_model_assets_2026-06-18.csv,,0x03,Joanna Frock (Ripped),MPBODY_DARK_RIPPED
BODY,BODY_DARK_AF1,0x0086,FILE_CDARK_AF1,0x033C,Cdark_af1Z,False,mp_character_model_assets_2026-06-18.csv,,0x04,Joanna Stewardess,MPBODY_DARK_AF1
HAND,,,FILE_GHAND_JOPILOT,0x0530,Ghand_jopilotZ,False,mp_character_model_assets_2026-06-18.csv,,0x04,Joanna Stewardess,MPBODY_DARK_AF1
BODY,BODY_DARK_LEATHER,0x0095,FILE_CDARK_LEATHER,0x0559,Cdark_leatherZ,False,mp_character_model_assets_2026-06-18.csv,,0x05,Joanna Leather,MPBODY_DARK_LEATHER
BODY,BODY_DARK_NEGOTIATOR,0x0096,FILE_CDARK_NEGOTIATOR,0x0796,Cdark_negotiatorZ,False,mp_character_model_assets_2026-06-18.csv,,0x06,Joanna Negotiator,MPBODY_DARK_NEGOTIATOR
HAND,,,FILE_GHAND_JOAF1,0x052F,Ghand_joaf1Z,False,mp_character_model_assets_2026-06-18.csv,,0x06,Joanna Negotiator,MPBODY_DARK_NEGOTIATOR
BODY,BODY_DARKWET,0x0087,FILE_CDARKWET,0x049E,CdarkwetZ,False,mp_character_model_assets_2026-06-18.csv,,0x07,Joanna Wet Suit,MPBODY_DARKWET
HEAD,HEAD_DARKAQUA,0x002F,FILE_CHEADDARKAQUA,0x04AD,CheaddarkaquaZ,False,mp_character_model_assets_2026-06-18.csv,,0x07,Joanna Wet Suit,MPBODY_DARKWET
HAND,,,FILE_GHAND_JOWETSUIT,0x0529,Ghand_jowetsuitZ,False,mp_character_model_assets_2026-06-18.csv,,0x07,Joanna Wet Suit,MPBODY_DARKWET
BODY,BODY_DARKAQUALUNG,0x0088,FILE_CDARKAQUALUNG,0x049F,CdarkaqualungZ,False,mp_character_model_assets_2026-06-18.csv,,0x08,Joanna Aqualung,MPBODY_DARKAQUALUNG
BODY,BODY_DARKSNOW,0x0089,FILE_CDARKSNOW,0x04A0,CdarksnowZ,False,mp_character_model_assets_2026-06-18.csv,,0x09,Joanna Arctic,MPBODY_DARKSNOW
HEAD,HEAD_DARK_SNOW,0x003C,FILE_CHEADDARK_SNOW,0x055A,Cheaddark_snowZ,False,mp_character_model_assets_2026-06-18.csv,,0x09,Joanna Arctic,MPBODY_DARKSNOW
HAND,,,FILE_GHAND_JOSNOW,0x0536,Ghand_josnowZ,False,mp_character_model_assets_2026-06-18.csv,,0x09,Joanna Arctic,MPBODY_DARKSNOW
BODY,BODY_DARKLAB,0x008A,FILE_CDARKLAB,0x04A1,CdarklabZ,False,mp_character_model_assets_2026-06-18.csv,,0x0A,Joanna Lab Tech.,MPBODY_DARKLAB
HAND,,,FILE_GHAND_MRBLONDE,0x0532,Ghand_mrblondeZ,False,mp_character_model_assets_2026-06-18.csv,,0x0A,Joanna Lab Tech.,MPBODY_DARKLAB
BODY,BODY_THEKING,0x0067,FILE_CTHEKING,0x0056,CthekingZ,False,mp_character_model_assets_2026-06-18.csv,,0x0B,Elvis,MPBODY_THEKING
HEAD,HEAD_ELVIS,0x0005,FILE_CHEADELVIS,0x019D,CheadelvisZ,False,mp_character_model_assets_2026-06-18.csv,,0x0B,Elvis,MPBODY_THEKING
HAND,,,FILE_GHAND_ELVIS,0x0764,Ghand_elvisZ,False,mp_character_model_assets_2026-06-18.csv,,0x0B,Elvis,MPBODY_THEKING
BODY,BODY_ELVIS1,0x0057,FILE_CELVIS1,0x004A,Celvis1Z,False,mp_character_model_assets_2026-06-18.csv,,0x0C,Maian,MPBODY_ELVIS1
BODY,BODY_ELVISWAISTCOAT,0x0094,FILE_CELVISWAISTCOAT,0x050C,CelviswaistcoatZ,False,mp_character_model_assets_2026-06-18.csv,,0x0D,Elvis (Waistcoat),MPBODY_ELVISWAISTCOAT
BODY,BODY_CARRINGTON,0x005A,FILE_CCARRINGTON,0x0040,CcarringtonZ,False,mp_character_model_assets_2026-06-18.csv,,0x0E,Daniel Carrington,MPBODY_CARRINGTON
HEAD,HEAD_CARRINGTON,0x0007,FILE_CHEADCARRINGTON,0x019F,CheadcarringtonZ,False,mp_character_model_assets_2026-06-18.csv,,0x0E,Daniel Carrington,MPBODY_CARRINGTON
HAND,,,FILE_GHAND_CARRINGTON,0x0531,Ghand_carringtonZ,False,mp_character_model_assets_2026-06-18.csv,,0x0E,Daniel Carrington,MPBODY_CARRINGTON
BODY,BODY_CARREVENINGSUIT,0x0090,FILE_CCARREVENINGSUIT,0x04A9,CcarreveningsuitZ,False,mp_character_model_assets_2026-06-18.csv,,0x0F,Carrington Evening Wear,MPBODY_CARREVENINGSUIT
BODY,BODY_MRBLONDE,0x005B,FILE_CMRBLONDE,0x004E,CmrblondeZ,False,mp_character_model_assets_2026-06-18.csv,,0x10,Mr. Blonde,MPBODY_MRBLONDE
HEAD,HEAD_MRBLONDE,0x0008,FILE_CHEADMRBLONDE,0x01A0,CheadmrblondeZ,False,mp_character_model_assets_2026-06-18.csv,,0x10,Mr. Blonde,MPBODY_MRBLONDE
BODY,BODY_CASSANDRA,0x0066,FILE_CCASSANDRA,0x0041,CcassandraZ,False,mp_character_model_assets_2026-06-18.csv,,0x11,Cassandra De Vries,MPBODY_CASSANDRA
HEAD,HEAD_CASSANDRA,0x000E,FILE_CHEADCASSANDRA,0x01A6,CheadcassandraZ,False,mp_character_model_assets_2026-06-18.csv,,0x11,Cassandra De Vries,MPBODY_CASSANDRA
HAND,,,FILE_GHAND_VRIES,0x0537,Ghand_vriesZ,False,mp_character_model_assets_2026-06-18.csv,,0x11,Cassandra De Vries,MPBODY_CASSANDRA
BODY,BODY_TRENT,0x005D,FILE_CTRENT,0x0057,CtrentZ,False,mp_character_model_assets_2026-06-18.csv,,0x12,Trent Easton,MPBODY_TRENT
HEAD,HEAD_TRENT,0x0009,FILE_CHEADTRENT,0x01A1,CheadtrentZ,False,mp_character_model_assets_2026-06-18.csv,,0x12,Trent Easton,MPBODY_TRENT
HAND,,,FILE_GHAND_TRENT,0x052A,Ghand_trentZ,False,mp_character_model_assets_2026-06-18.csv,,0x12,Trent Easton,MPBODY_TRENT
BODY,BODY_JONATHAN,0x0091,FILE_CJONATHON,0x04AA,CjonathonZ,False,mp_character_model_assets_2026-06-18.csv,,0x13,Jonathan,MPBODY_JONATHAN
HEAD,HEAD_JONATHAN,0x0028,FILE_CHEADJONATHAN,0x033A,CheadjonathanZ,True,mp_character_model_assets_2026-06-18.csv,,0x13,Jonathan,MPBODY_JONATHAN
HAND,,,FILE_GHAND_A51GUARD,0x0766,Ghand_a51guardZ,False,mp_character_model_assets_2026-06-18.csv,,0x13,Jonathan,MPBODY_JONATHAN
BODY,BODY_CILABTECH,0x008E,FILE_CCILABTECH,0x04A5,CcilabtechZ,False,mp_character_model_assets_2026-06-18.csv,dynamic head pool,0x14,CI Male Lab Technician,MPBODY_CILABTECH
HAND,,,FILE_GHAND_CIFEMTECH,0x0534,Ghand_cifemtechZ,False,mp_character_model_assets_2026-06-18.csv,dynamic head pool,0x14,CI Male Lab Technician,MPBODY_CILABTECH
BODY,BODY_CIFEMTECH,0x008F,FILE_CCIFEMTECH,0x04A6,CcifemtechZ,False,mp_character_model_assets_2026-06-18.csv,dynamic head pool,0x15,CI Female Lab Technician,MPBODY_CIFEMTECH
BODY,BODY_CISOLDIER,0x0092,FILE_CCISOLDIER,0x04AB,CcisoldierZ,False,mp_character_model_assets_2026-06-18.csv,dynamic head pool,0x16,CI Soldier,MPBODY_CISOLDIER
HAND,,,FILE_GHAND_CISOLDIER,0x076D,Ghand_cisoldierZ,False,mp_character_model_assets_2026-06-18.csv,dynamic head pool,0x16,CI Soldier,MPBODY_CISOLDIER
BODY,BODY_DDSHOCK,0x005E,FILE_CDDSHOCK,0x0045,CddshockZ,False,mp_character_model_assets_2026-06-18.csv,,0x17,dataDyne Shock Trooper,MPBODY_DDSHOCK
HEAD,HEAD_DDSHOCK,0x000A,FILE_CHEADDDSHOCK,0x01A2,CheadddshockZ,False,mp_character_model_assets_2026-06-18.csv,,0x17,dataDyne Shock Trooper,MPBODY_DDSHOCK
HAND,,,FILE_GHAND_DDFODDER,0x0769,Ghand_ddfodderZ,False,mp_character_model_assets_2026-06-18.csv,,0x17,dataDyne Shock Trooper,MPBODY_DDSHOCK
BODY,BODY_FEM_GUARD,0x0068,FILE_CFEM_GUARD,0x004C,Cfem_guardZ,False,mp_character_model_assets_2026-06-18.csv,dynamic head pool,0x18,dataDyne Female Guard,MPBODY_FEM_GUARD
BODY,BODY_DD_SECGUARD,0x006A,FILE_CDD_SECGUARD,0x0046,Cdd_secguardZ,False,mp_character_model_assets_2026-06-18.csv,dynamic head pool,0x19,dataDyne Security,MPBODY_DD_SECGUARD
HAND,,,FILE_GHAND_DDSECURITY,0x0538,Ghand_ddsecurityZ,False,mp_character_model_assets_2026-06-18.csv,dynamic head pool,0x19,dataDyne Security,MPBODY_DD_SECGUARD
BODY,BODY_DD_GUARD,0x006E,FILE_CDD_GUARD,0x01BF,Cdd_guardZ,False,mp_character_model_assets_2026-06-18.csv,dynamic head pool,0x1A,dataDyne Infantry,MPBODY_DD_GUARD
BODY,BODY_DD_SHOCK_INF,0x006F,FILE_CDD_SHOCK_INF,0x01C4,Cdd_shock_infZ,False,mp_character_model_assets_2026-06-18.csv,dynamic head pool,0x1B,dataDyne Trooper,MPBODY_DD_SHOCK_INF
HAND,,,FILE_GHAND_DDSHOCK,0x0767,Ghand_ddshockZ,False,mp_character_model_assets_2026-06-18.csv,dynamic head pool,0x1B,dataDyne Trooper,MPBODY_DD_SHOCK_INF
BODY,BODY_SECRETARY,0x0065,FILE_CSECRETARY,0x0052,CsecretaryZ,False,mp_character_model_assets_2026-06-18.csv,dynamic head pool,0x1C,Secretary,MPBODY_SECRETARY
BODY,BODY_OFFICEWORKER,0x0063,FILE_COFFICEWORKER,0x004F,CofficeworkerZ,False,mp_character_model_assets_2026-06-18.csv,dynamic head pool,0x1D,Office Suit,MPBODY_OFFICEWORKER
BODY,BODY_OFFICEWORKER2,0x0064,FILE_COFFICEWORKER2,0x0050,Cofficeworker2Z,False,mp_character_model_assets_2026-06-18.csv,dynamic head pool,0x1E,Office Casual,MPBODY_OFFICEWORKER2
BODY,BODY_NEGOTIATOR,0x007E,FILE_CNEGOTIATOR,0x0246,CnegotiatorZ,False,mp_character_model_assets_2026-06-18.csv,dynamic head pool,0x1F,Negotiator,MPBODY_NEGOTIATOR
BODY,BODY_DDSNIPER,0x008C,FILE_CDDSNIPER,0x04A3,CddsniperZ,False,mp_character_model_assets_2026-06-18.csv,,0x20,dataDyne Sniper,MPBODY_DDSNIPER
HEAD,HEAD_DDSNIPER,0x0030,FILE_CHEADDDSNIPER,0x04AE,CheadddsniperZ,False,mp_character_model_assets_2026-06-18.csv,,0x20,dataDyne Sniper,MPBODY_DDSNIPER
HAND,,,FILE_GHAND_DDSNIPER,0x052D,Ghand_ddsniperZ,False,mp_character_model_assets_2026-06-18.csv,,0x20,dataDyne Sniper,MPBODY_DDSNIPER
BODY,BODY_G5_GUARD,0x007F,FILE_CG5_GUARD,0x0261,Cg5_guardZ,False,mp_character_model_assets_2026-06-18.csv,dynamic head pool,0x21,G5 Guard,MPBODY_G5_GUARD
HAND,,,FILE_GHAND_G5GUARD,0x076C,Ghand_g5guardZ,False,mp_character_model_assets_2026-06-18.csv,dynamic head pool,0x21,G5 Guard,MPBODY_G5_GUARD
BODY,BODY_G5_SWAT_GUARD,0x0081,FILE_CG5_SWAT_GUARD,0x0264,Cg5_swat_guardZ,False,mp_character_model_assets_2026-06-18.csv,dynamic head pool,0x22,G5 SWAT Guard,MPBODY_G5_SWAT_GUARD
BODY,BODY_CIAGUY,0x0073,FILE_CCIAGUY,0x01CB,CciaguyZ,False,mp_character_model_assets_2026-06-18.csv,dynamic head pool,0x23,CIA Agent,MPBODY_CIAGUY
HAND,,,FILE_GHAND_CIA,0x0533,Ghand_ciaZ,False,mp_character_model_assets_2026-06-18.csv,dynamic head pool,0x23,CIA Agent,MPBODY_CIAGUY
BODY,BODY_FBIGUY,0x0072,FILE_CFBIGUY,0x01C9,CfbiguyZ,False,mp_character_model_assets_2026-06-18.csv,dynamic head pool,0x24,FBI Agent,MPBODY_FBIGUY
HAND,,,FILE_GHAND_FBIARM,0x0535,Ghand_fbiarmZ,False,mp_character_model_assets_2026-06-18.csv,dynamic head pool,0x24,FBI Agent,MPBODY_FBIGUY
BODY,BODY_AREA51GUARD,0x0058,FILE_CAREA51GUARD,0x003F,Carea51guardZ,True,mp_character_model_assets_2026-06-18.csv,dynamic head pool,0x25,Area 51 Guard,MPBODY_AREA51GUARD
BODY,BODY_A51TROOPER,0x0074,FILE_CA51TROOPER,0x01CC,Ca51trooperZ,False,mp_character_model_assets_2026-06-18.csv,dynamic head pool,0x26,Area 51 Trooper,MPBODY_A51TROOPER
BODY,BODY_A51AIRMAN,0x0075,FILE_CA51AIRMAN,0x0231,Ca51airmanZ,False,mp_character_model_assets_2026-06-18.csv,dynamic head pool,0x27,Pilot,MPBODY_A51AIRMAN
HAND,,,FILE_GHAND_A51AIRMAN,0x076B,Ghand_a51airmanZ,False,mp_character_model_assets_2026-06-18.csv,dynamic head pool,0x27,Pilot,MPBODY_A51AIRMAN
BODY,BODY_OVERALL,0x0059,FILE_COVERALL,0x0051,CoverallZ,False,mp_character_model_assets_2026-06-18.csv,dynamic head pool,0x28,Overalls,MPBODY_OVERALL
BODY,BODY_STRIPES,0x0060,FILE_CSTRIPES,0x0054,CstripesZ,False,mp_character_model_assets_2026-06-18.csv,dynamic head pool,0x29,NSA Bodyguard,MPBODY_STRIPES
HAND,,,FILE_GHAND_BLACKGUARD,0x0768,Ghand_blackguardZ,False,mp_character_model_assets_2026-06-18.csv,dynamic head pool,0x29,NSA Bodyguard,MPBODY_STRIPES
BODY,BODY_LABTECH,0x005F,FILE_CLABTECH,0x004D,ClabtechZ,False,mp_character_model_assets_2026-06-18.csv,dynamic head pool,0x2A,Male Lab Technician,MPBODY_LABTECH
BODY,BODY_FEMLABTECH,0x008B,FILE_CFEMLABTECH,0x04A2,CfemlabtechZ,False,mp_character_model_assets_2026-06-18.csv,dynamic head pool,0x2B,Female Lab Technician,MPBODY_FEMLABTECH
BODY,BODY_DD_LABTECH,0x0069,FILE_CDD_LABTECH,0x0194,Cdd_labtechZ,False,mp_character_model_assets_2026-06-18.csv,dynamic head pool,0x2C,dataDyne Lab Technician,MPBODY_DD_LABTECH
HAND,,,FILE_GHAND_DDLABTECH,0x053B,Ghand_ddlabtechZ,False,mp_character_model_assets_2026-06-18.csv,dynamic head pool,0x2C,dataDyne Lab Technician,MPBODY_DD_LABTECH
BODY,BODY_BIOTECH,0x0071,FILE_CBIOTECH,0x01C8,CbiotechZ,False,mp_character_model_assets_2026-06-18.csv,,0x2D,Biotechnician,MPBODY_BIOTECH
HEAD,HEAD_BIOTECH,0x001D,FILE_CHEADBIOTECH,0x01D0,CheadbiotechZ,False,mp_character_model_assets_2026-06-18.csv,,0x2D,Biotechnician,MPBODY_BIOTECH
HAND,,,FILE_GHAND_DDBIO,0x076A,Ghand_ddbioZ,False,mp_character_model_assets_2026-06-18.csv,,0x2D,Biotechnician,MPBODY_BIOTECH
BODY,BODY_ALASKAN_GUARD,0x0082,FILE_CALASKAN_GUARD,0x0265,Calaskan_guardZ,False,mp_character_model_assets_2026-06-18.csv,dynamic head pool,0x2E,Alaskan Guard,MPBODY_ALASKAN_GUARD
BODY,BODY_PILOTAF1,0x008D,FILE_CPILOTAF1,0x04A4,Cpilotaf1Z,False,mp_character_model_assets_2026-06-18.csv,dynamic head pool,0x2F,Air Force One Pilot,MPBODY_PILOTAF1
BODY,BODY_STEWARD,0x0077,FILE_CSTEWARD,0x0237,CstewardZ,False,mp_character_model_assets_2026-06-18.csv,dynamic head pool,0x30,Steward,MPBODY_STEWARD
BODY,BODY_STEWARDESS,0x0078,FILE_CSTEWARDESS,0x0239,CstewardessZ,False,mp_character_model_assets_2026-06-18.csv,dynamic head pool,0x31,Stewardess,MPBODY_STEWARDESS
BODY,BODY_STEWARDESS_COAT,0x007A,FILE_CSTEWARDESS_COAT,0x023C,Cstewardess_coatZ,False,mp_character_model_assets_2026-06-18.csv,dynamic head pool,0x32,Head Stewardess,MPBODY_STEWARDESS_COAT
HAND,,,FILE_GHAND_STEWARDESS_COAT,0x053A,Ghand_stewardess_coatZ,False,mp_character_model_assets_2026-06-18.csv,dynamic head pool,0x32,Head Stewardess,MPBODY_STEWARDESS_COAT
BODY,BODY_PRESIDENT,0x0079,FILE_CPRESIDENT,0x023B,CpresidentZ,False,mp_character_model_assets_2026-06-18.csv,,0x33,The President,MPBODY_PRESIDENT
HEAD,HEAD_PRESIDENT,0x003D,FILE_CHEADPRESIDENT,0x055B,CheadpresidentZ,False,mp_character_model_assets_2026-06-18.csv,,0x33,The President,MPBODY_PRESIDENT
HAND,,,FILE_GHAND_PRESIDENT,0x052E,Ghand_presidentZ,False,mp_character_model_assets_2026-06-18.csv,,0x33,The President,MPBODY_PRESIDENT
BODY,BODY_NSA_LACKEY,0x007C,FILE_CNSA_LACKEY,0x0242,Cnsa_lackeyZ,False,mp_character_model_assets_2026-06-18.csv,dynamic head pool,0x34,NSA Lackey,MPBODY_NSA_LACKEY
BODY,BODY_PRES_SECURITY,0x007D,FILE_CPRES_SECURITY,0x0244,Cpres_securityZ,False,mp_character_model_assets_2026-06-18.csv,dynamic head pool,0x35,Presidential Security,MPBODY_PRES_SECURITY
BODY,BODY_PRESIDENT_CLONE2,0x0085,FILE_CPRESIDENT_CLONE,0x0339,Cpresident_cloneZ,False,mp_character_model_assets_2026-06-18.csv,,0x36,"President""s Clone",MPBODY_PRESIDENT_CLONE2
BODY,BODY_PELAGIC_GUARD,0x0080,FILE_CPELAGIC_GUARD,0x0263,Cpelagic_guardZ,False,mp_character_model_assets_2026-06-18.csv,dynamic head pool,0x37,Pelagic II Guard,MPBODY_PELAGIC_GUARD
HAND,,,FILE_GHAND_TRAGIC_PELAGIC,0x0539,Ghand_tragic_pelagicZ,False,mp_character_model_assets_2026-06-18.csv,dynamic head pool,0x37,Pelagic II Guard,MPBODY_PELAGIC_GUARD
BODY,BODY_MAIAN_SOLDIER,0x0083,FILE_CMAIAN_SOLDIER,0x0266,Cmaian_soldierZ,False,mp_character_model_assets_2026-06-18.csv,,0x38,Maian Soldier,MPBODY_MAIAN_SOLDIER
HEAD,HEAD_MAIAN_S,0x0029,FILE_CHEADMAIAN_S,0x033B,Cheadmaian_sZ,False,mp_character_model_assets_2026-06-18.csv,,0x38,Maian Soldier,MPBODY_MAIAN_SOLDIER
BODY,BODY_PRESIDENT_CLONE,0x0084,FILE_CSKEDAR2,0x07DF,,False,mp_character_model_assets_2026-06-18.csv,dynamic head pool,0x39,Choose a head to load over:,MPBODY_PRESIDENT_CLONE
HAND,,,FILE_GHAND_SKEDAR,0x07E1,,False,mp_character_model_assets_2026-06-18.csv,dynamic head pool,0x39,Choose a head to load over:,MPBODY_PRESIDENT_CLONE
BODY,BODY_TESTCHR,0x0070,FILE_CDRCARROLL2,0x07DE,,False,mp_character_model_assets_2026-06-18.csv,dynamic head pool,0x3A,Need Space For Head,MPBODY_TESTCHR
HAND,,,FILE_GHAND_DRCARROLL,0x07E0,,False,mp_character_model_assets_2026-06-18.csv,dynamic head pool,0x3A,Need Space For Head,MPBODY_TESTCHR
BODY,BODY_CONNERY,0x0001,FILE_CCONNERY,0x0199,CconneryZ,False,mp_character_model_assets_2026-06-18.csv,dynamic head pool,0x39,Connery,MPBODY_CONNERY
BODY,BODY_MOORE,0x0003,FILE_CMOORE,0x019A,CmooreZ,False,mp_character_model_assets_2026-06-18.csv,dynamic head pool,0x3A,Moore,MPBODY_MOORE
BODY,BODY_DALTON,0x0002,FILE_CDALTON,0x019B,CdaltonZ,False,mp_character_model_assets_2026-06-18.csv,dynamic head pool,0x3B,Dalton,MPBODY_DALTON
BODY,BODY_DJBOND,0x0000,FILE_CDJBOND,0x0047,CdjbondZ,False,mp_character_model_assets_2026-06-18.csv,dynamic head pool,0x3C,Djbond,MPBODY_DJBOND
BODY,BODY_NATALYA,0x009B,FILE_CNATALYAZ,0x07E3,CnatalyaZ,True,mp_character_model_assets_2026-06-18.csv,,0x3F,Natalya,MPBODY_NATALYA
HEAD,HEAD_NATALYA,0x0097,0,,,False,mp_character_model_assets_2026-06-18.csv,head_file=0,0x3F,Natalya,MPBODY_NATALYA
BODY,BODY_XENIA,0x009C,FILE_CXENIAZ,0x07E6,CxeniaZ,True,mp_character_model_assets_2026-06-18.csv,,0x40,Xenia,MPBODY_XENIA
HEAD,HEAD_XENIA,0x0098,FILE_CHEADXENIAZ,0x07E5,CheadxeniaZ,True,mp_character_model_assets_2026-06-18.csv,,0x40,Xenia,MPBODY_XENIA
HAND,,,FILE_GHAND_XENIAZ,0x07E7,Ghand_xeniaZ,True,mp_character_model_assets_2026-06-18.csv,,0x40,Xenia,MPBODY_XENIA
BODY,BODY_OURUMOV,0x009D,FILE_COURUMOVZ,0x07E9,CourumovZ,True,mp_character_model_assets_2026-06-18.csv,,0x41,Ourumov,MPBODY_OURUMOV
HEAD,HEAD_OURUMOV,0x0099,FILE_CHEADOURUMOVZ,0x07E8,CheadourumovZ,True,mp_character_model_assets_2026-06-18.csv,,0x41,Ourumov,MPBODY_OURUMOV
HAND,,,FILE_GHAND_OURUMOVZ,0x07EA,Ghand_ourumovZ,True,mp_character_model_assets_2026-06-18.csv,,0x41,Ourumov,MPBODY_OURUMOV
BODY,BODY_ODDJOB,0x009E,FILE_CODDJOBZ,0x07EC,CoddjobZ,True,mp_character_model_assets_2026-06-18.csv,,0x42,Oddjob,MPBODY_ODDJOB
HEAD,HEAD_ODDJOB,0x009A,FILE_CHEADODDJOBZ,0x07EB,CheadoddjobZ,True,mp_character_model_assets_2026-06-18.csv,,0x42,Oddjob,MPBODY_ODDJOB
HAND,,,FILE_GHAND_ODDJOBZ,0x07ED,Ghand_oddjobZ,True,mp_character_model_assets_2026-06-18.csv,,0x42,Oddjob,MPBODY_ODDJOB
BODY,BODY_TREVELYAN_JANUS,0x00B4,FILE_CTREVELYANZ,0x07EF,CtrevelyanZ,True,mp_character_model_assets_2026-06-18.csv,,0x43,Trevelyan Janus,MPBODY_TREVELYAN_JANUS
HEAD,HEAD_TREVELYAN_Z,0x009F,FILE_CHEADTREVELYANZ,0x07EE,CheadtrevelyanZ,True,mp_character_model_assets_2026-06-18.csv,,0x43,Trevelyan Janus,MPBODY_TREVELYAN_JANUS
HAND,,,FILE_GHAND_TREVELYANZ,0x07F0,Ghand_trevelyanZ,True,mp_character_model_assets_2026-06-18.csv,,0x43,Trevelyan Janus,MPBODY_TREVELYAN_JANUS
BODY,BODY_NATALYA_CUBA,0x00B5,FILE_CSPICEBONDZ,0x07F1,CspicebondZ,True,mp_character_model_assets_2026-06-18.csv,,0x44,Natalya Cuba,MPBODY_NATALYA_CUBA
BODY,BODY_BOND_BROSNAN_CLASSIC,0x00B6,FILE_CDJBOND2Z,0x07F3,Cdjbond2Z,True,mp_character_model_assets_2026-06-18.csv,,0x45,Bond Brosnan Classic,MPBODY_BOND_BROSNAN_CLASSIC
HEAD,HEAD_BROSNAN_CLASSIC,0x00A0,FILE_CHEADBROSNANZ,0x07F2,CheadbrosnanZ,True,mp_character_model_assets_2026-06-18.csv,,0x45,Bond Brosnan Classic,MPBODY_BOND_BROSNAN_CLASSIC
HAND,,,FILE_GHAND_BONDZ,0x07F4,Ghand_bondZ,True,mp_character_model_assets_2026-06-18.csv,,0x45,Bond Brosnan Classic,MPBODY_BOND_BROSNAN_CLASSIC
BODY,BODY_BOND_DALTON_CLASSIC,0x00B7,FILE_CDALTON2Z,0x07F6,Cdalton2Z,True,mp_character_model_assets_2026-06-18.csv,,0x46,Bond Dalton Classic,MPBODY_BOND_DALTON_CLASSIC
HEAD,HEAD_DALTON_CLASSIC,0x00A1,FILE_CHEADDALTONZ,0x07F5,CheaddaltonZ,True,mp_character_model_assets_2026-06-18.csv,,0x46,Bond Dalton Classic,MPBODY_BOND_DALTON_CLASSIC
BODY,BODY_BOND_CONNERY_CLASSIC,0x00B8,FILE_CCONNERY2Z,0x07F8,Cconnery2Z,True,mp_character_model_assets_2026-06-18.csv,,0x47,Bond Connery Classic,MPBODY_BOND_CONNERY_CLASSIC
HEAD,HEAD_CONNERY_CLASSIC,0x00A2,FILE_CHEADCONNERYZ,0x07F7,CheadconneryZ,True,mp_character_model_assets_2026-06-18.csv,,0x47,Bond Connery Classic,MPBODY_BOND_CONNERY_CLASSIC
HAND,,,FILE_GHAND_BONDWHITEZ,0x07F9,Ghand_bondwhiteZ,True,mp_character_model_assets_2026-06-18.csv,,0x47,Bond Connery Classic,MPBODY_BOND_CONNERY_CLASSIC
BODY,BODY_BOND_MOORE_CLASSIC,0x00B9,FILE_CMOORE2Z,0x07FB,Cmoore2Z,True,mp_character_model_assets_2026-06-18.csv,,0x48,Bond Moore Classic,MPBODY_BOND_MOORE_CLASSIC
HEAD,HEAD_MOORE_CLASSIC,0x00A3,FILE_CHEADMOOREZ,0x07FA,CheadmooreZ,True,mp_character_model_assets_2026-06-18.csv,,0x48,Bond Moore Classic,MPBODY_BOND_MOORE_CLASSIC
BODY,BODY_BOND_LAZENBY_CLASSIC,0x00BA,FILE_CLAZENBYZ,0x07FD,ClazenbyZ,True,mp_character_model_assets_2026-06-18.csv,,0x49,Bond Lazenby Classic,MPBODY_BOND_LAZENBY_CLASSIC
HEAD,HEAD_LAZENBY_CLASSIC,0x00A4,FILE_CHEADLAZENBYZ,0x07FC,CheadlazenbyZ,True,mp_character_model_assets_2026-06-18.csv,,0x49,Bond Lazenby Classic,MPBODY_BOND_LAZENBY_CLASSIC
BODY,BODY_JAWS,0x00BB,FILE_CJAWSZ,0x07FF,CjawsZ,True,mp_character_model_assets_2026-06-18.csv,,0x4A,Jaws,MPBODY_JAWS
HEAD,HEAD_JAWS_Z,0x00A5,FILE_CHEADJAWSZ,0x07FE,CheadjawsZ,True,mp_character_model_assets_2026-06-18.csv,,0x4A,Jaws,MPBODY_JAWS
BODY,BODY_SNOWGUARD,0x00BC,FILE_CSNOWGUARDZ,0x0801,CsnowguardZ,True,mp_character_model_assets_2026-06-18.csv,,0x4B,Snowguard,MPBODY_SNOWGUARD
HEAD,HEAD_SNOWGUARD_Z,0x00A6,FILE_CHEADSNOWGUARDZ,0x0800,CheadsnowguardZ,True,mp_character_model_assets_2026-06-18.csv,,0x4B,Snowguard,MPBODY_SNOWGUARD
HAND,,,FILE_GHAND_SNOWGUARDZ,0x0802,Ghand_snowguardZ,True,mp_character_model_assets_2026-06-18.csv,,0x4B,Snowguard,MPBODY_SNOWGUARD
BODY,BODY_BOND_ARCTIC,0x00BD,FILE_CSNOWBONDZ,0x0804,CsnowbondZ,True,mp_character_model_assets_2026-06-18.csv,,0x4C,Bond Arctic,MPBODY_BOND_ARCTIC
HEAD,HEAD_BROSNAN_VARIANT,0x00A7,FILE_CHEADBROSNAN2Z,0x0803,Cheadbrosnan2Z,True,mp_character_model_assets_2026-06-18.csv,,0x4C,Bond Arctic,MPBODY_BOND_ARCTIC
BODY,BODY_MISHKIN_Z,0x00BE,FILE_CGREATGUARDZ,0x0806,CgreatguardZ,True,mp_character_model_assets_2026-06-18.csv,,0x4D,Mishkin,MPBODY_MISHKIN_Z
HEAD,HEAD_MISHKIN_Z,0x00A8,FILE_CHEADMISHKINZ,0x0805,CheadmishkinZ,True,mp_character_model_assets_2026-06-18.csv,,0x4D,Mishkin,MPBODY_MISHKIN_Z
HAND,,,FILE_GHAND_MISHKINZ,0x0807,Ghand_mishkinZ,True,mp_character_model_assets_2026-06-18.csv,,0x4D,Mishkin,MPBODY_MISHKIN_Z
BODY,BODY_BOND_FORMAL,0x00BF,FILE_CSUITBONDZ,0x0808,CsuitbondZ,True,mp_character_model_assets_2026-06-18.csv,,0x4E,Bond Formal,MPBODY_BOND_FORMAL
HAND,,,FILE_GHAND_BLUE_SUITZ,0x0809,Ghand_blue_suitZ,True,mp_character_model_assets_2026-06-18.csv,,0x4E,Bond Formal,MPBODY_BOND_FORMAL
BODY,BODY_BOND_STEALTH,0x00C0,FILE_CBOILERBONDZ,0x080A,CboilerbondZ,True,mp_character_model_assets_2026-06-18.csv,,0x4F,Bond Stealth,MPBODY_BOND_STEALTH
HAND,,,FILE_GHAND_BLACKSTEALTHZ,0x080B,Ghand_blackstealthZ,True,mp_character_model_assets_2026-06-18.csv,,0x4F,Bond Stealth,MPBODY_BOND_STEALTH
BODY,BODY_TREVELYAN_006,0x00C1,FILE_CBOILERTREVZ,0x080C,CboilertrevZ,True,mp_character_model_assets_2026-06-18.csv,,0x50,Trevelyan 006,MPBODY_TREVELYAN_006
BODY,BODY_BOND_JUNGLE,0x00C2,FILE_CTIMBERBONDZ,0x080D,CtimberbondZ,True,mp_character_model_assets_2026-06-18.csv,,0x51,Bond Jungle,MPBODY_BOND_JUNGLE
BODY,BODY_BORIS,0x00C3,FILE_CBORISZ,0x080F,CborisZ,True,mp_character_model_assets_2026-06-18.csv,,0x52,Boris,MPBODY_BORIS
HEAD,HEAD_BORIS_Z,0x00A9,FILE_CHEADBORISZ,0x080E,CheadborisZ,True,mp_character_model_assets_2026-06-18.csv,,0x52,Boris,MPBODY_BORIS
HAND,,,FILE_GHAND_BORISZ,0x0810,Ghand_borisZ,True,mp_character_model_assets_2026-06-18.csv,,0x52,Boris,MPBODY_BORIS
BODY,BODY_VALENTIN,0x00C4,FILE_CVALENTINZ,0x0812,CvalentinZ,True,mp_character_model_assets_2026-06-18.csv,,0x53,Valentin,MPBODY_VALENTIN
HEAD,HEAD_VALENTIN_Z,0x00AA,FILE_CHEADVALENTINZ,0x0811,CheadvalentinZ,True,mp_character_model_assets_2026-06-18.csv,,0x53,Valentin,MPBODY_VALENTIN
BODY,BODY_MAYDAY,0x00C5,FILE_CMAYDAYZ,0x0814,CmaydayZ,True,mp_character_model_assets_2026-06-18.csv,,0x54,Mayday,MPBODY_MAYDAY
HEAD,HEAD_MAYDAY_Z,0x00AB,FILE_CHEADMAYDAYZ,0x0813,CheadmaydayZ,True,mp_character_model_assets_2026-06-18.csv,,0x54,Mayday,MPBODY_MAYDAY
HAND,,,FILE_GHAND_MAYDAYZ,0x0815,Ghand_maydayZ,True,mp_character_model_assets_2026-06-18.csv,,0x54,Mayday,MPBODY_MAYDAY
BODY,BODY_BARON_SAMEDI,0x00C6,FILE_CBARONSAMEDIZ,0x0817,CbaronsamediZ,True,mp_character_model_assets_2026-06-18.csv,,0x55,Baron Samedi,MPBODY_BARON_SAMEDI
HEAD,HEAD_BARON_SAMEDI_Z,0x00AC,FILE_CHEADBARONSAMEDIZ,0x0816,CheadbaronsamediZ,True,mp_character_model_assets_2026-06-18.csv,,0x55,Baron Samedi,MPBODY_BARON_SAMEDI
HAND,,,FILE_GHAND_SAMEDIZ,0x0818,Ghand_samediZ,True,mp_character_model_assets_2026-06-18.csv,,0x55,Baron Samedi,MPBODY_BARON_SAMEDI
BODY,BODY_BARON_SAMEDI_DEATH,0x00C7,FILE_CBARONSAMEDI2Z,0x081A,Cbaronsamedi2Z,True,mp_character_model_assets_2026-06-18.csv,,0x56,Baron Samedi Death,MPBODY_BARON_SAMEDI_DEATH
HEAD,HEAD_BARON_SAMEDI_DEATH_Z,0x00AD,FILE_CHEADBARONSAMEDI2Z,0x0819,Cheadbaronsamedi2Z,True,mp_character_model_assets_2026-06-18.csv,,0x56,Baron Samedi Death,MPBODY_BARON_SAMEDI_DEATH
HAND,,,FILE_GHAND_SAMEDI2Z,0x081B,Ghand_samedi2Z,True,mp_character_model_assets_2026-06-18.csv,,0x56,Baron Samedi Death,MPBODY_BARON_SAMEDI_DEATH
BODY,BODY_SANTA,0x00C8,FILE_CSANTAZ,0x081D,CsantaZ,True,mp_character_model_assets_2026-06-18.csv,,0x57,Santa,MPBODY_SANTA
HEAD,HEAD_SANTA_Z,0x00AE,FILE_CHEADSANTAZ,0x081C,CheadsantaZ,True,mp_character_model_assets_2026-06-18.csv,,0x57,Santa,MPBODY_SANTA
HAND,,,FILE_GHAND_SANTAZ,0x081E,Ghand_santaZ,True,mp_character_model_assets_2026-06-18.csv,,0x57,Santa,MPBODY_SANTA
BODY,BODY_ELF,0x00C9,FILE_CELFZ,0x0820,CelfZ,True,mp_character_model_assets_2026-06-18.csv,,0x58,Elf,MPBODY_ELF
HEAD,HEAD_ELF_Z,0x00AF,FILE_CHEADELFZ,0x081F,CheadelfZ,True,mp_character_model_assets_2026-06-18.csv,,0x58,Elf,MPBODY_ELF
HAND,,,FILE_GHAND_ELFZ,0x0821,Ghand_elfZ,True,mp_character_model_assets_2026-06-18.csv,,0x58,Elf,MPBODY_ELF
BODY,BODY_PILOT_GE,0x00CA,FILE_CPILOTZ,0x0823,CpilotZ,True,mp_character_model_assets_2026-06-18.csv,,0x59,Pilot Ge,MPBODY_PILOT_GE
HEAD,HEAD_PILOT_Z,0x00B0,FILE_CHEADPILOTZ,0x0822,CheadpilotZ,True,mp_character_model_assets_2026-06-18.csv,,0x59,Pilot Ge,MPBODY_PILOT_GE
HAND,,,FILE_GHAND_PILOTZ,0x0824,Ghand_pilotZ,True,mp_character_model_assets_2026-06-18.csv,,0x59,Pilot Ge,MPBODY_PILOT_GE
BODY,BODY_MARION,0x00CB,FILE_CFATTECHWOMANZ,0x0826,CfattechwomanZ,True,mp_character_model_assets_2026-06-18.csv,,0x5A,Marion,MPBODY_MARION
HEAD,HEAD_MARION_Z,0x00B1,FILE_CHEADMARIONZ,0x0825,CheadmarionZ,True,mp_character_model_assets_2026-06-18.csv,,0x5A,Marion,MPBODY_MARION
BODY,BODY_BOND_CONNERY_ALPS,0x00CC,FILE_CBONDALPSZ,0x0827,CbondalpsZ,True,mp_character_model_assets_2026-06-18.csv,,0x5B,Bond Connery Alps,MPBODY_BOND_CONNERY_ALPS
HAND,,,FILE_GHAND_BONDALPSZ,0x0828,Ghand_bondalpsZ,True,mp_character_model_assets_2026-06-18.csv,,0x5B,Bond Connery Alps,MPBODY_BOND_CONNERY_ALPS
BODY,BODY_BOND_CONNERY_RANCH,0x00CD,FILE_CBONDRANCHZ,0x0829,CbondranchZ,True,mp_character_model_assets_2026-06-18.csv,,0x5C,Bond Connery Ranch,MPBODY_BOND_CONNERY_RANCH
HAND,,,FILE_GHAND_BONDRANCHZ,0x082A,Ghand_bondranchZ,True,mp_character_model_assets_2026-06-18.csv,,0x5C,Bond Connery Ranch,MPBODY_BOND_CONNERY_RANCH
BODY,BODY_GALORE_PLANE,0x00CE,FILE_CGALOREPLANEZ,0x082C,CgaloreplaneZ,True,mp_character_model_assets_2026-06-18.csv,,0x5D,Galore Plane,MPBODY_GALORE_PLANE
HEAD,HEAD_GALORE_Z,0x00B2,FILE_CHEADGALOREZ,0x082B,CheadgaloreZ,True,mp_character_model_assets_2026-06-18.csv,,0x5D,Galore Plane,MPBODY_GALORE_PLANE
BODY,BODY_GALORE_RANCH,0x00CF,FILE_CGALORERANCHZ,0x082D,CgaloreranchZ,True,mp_character_model_assets_2026-06-18.csv,,0x5E,Galore Ranch,MPBODY_GALORE_RANCH
HAND,,,FILE_GHAND_GALORERANCHZ,0x082E,Ghand_galoreranchZ,True,mp_character_model_assets_2026-06-18.csv,,0x5E,Galore Ranch,MPBODY_GALORE_RANCH
BODY,BODY_SOGUN,0x00D0,FILE_CSOGUNTRONZ,0x0830,CsoguntronZ,True,mp_character_model_assets_2026-06-18.csv,,0x5F,Sogun,MPBODY_SOGUN
HEAD,HEAD_SOGUN_Z,0x00B3,FILE_CHEADSOGUNZ,0x082F,CheadsogunZ,True,mp_character_model_assets_2026-06-18.csv,,0x5F,Sogun,MPBODY_SOGUN
HAND,,,FILE_GHAND_SOGUNTRONZ,0x0831,Ghand_soguntronZ,True,mp_character_model_assets_2026-06-18.csv,,0x5F,Sogun,MPBODY_SOGUN
BODY,BODY_NATALYA_SANTA,0x00D1,FILE_CNATALYA_XMASZ,0x0832,Cnatalya_xmasZ,True,mp_character_model_assets_2026-06-18.csv,,0x60,Natalya Santa,MPBODY_NATALYA_SANTA
BODY,BODY_NATALYA_ELF,0x00D2,FILE_CNATALYA_ELFZ,0x0833,Cnatalya_elfZ,True,mp_character_model_assets_2026-06-18.csv,,0x61,Natalya Elf,MPBODY_NATALYA_ELF
HEAD,HEAD_DOAK_Z1,0x00D3,FILE_CHEADDAVEDZ,0x0834,CheaddavedZ,True,mp_character_model_assets_2026-06-18.csv,,0x62,Officeworker,MPBODY_OFFICEWORKER
HEAD,HEAD_DOAK_Z2,0x00D4,FILE_CHEADDAVED2Z,0x0835,Cheaddaved2Z,True,mp_character_model_assets_2026-06-18.csv,,0x63,Officeworker,MPBODY_OFFICEWORKER
HEAD,HEAD_TERRORIST_Z,0x00D5,FILE_CHEADBALACLAVAZ,0x0836,CheadbalaclavaZ,True,mp_character_model_assets_2026-06-18.csv,,0x64,Dd Guard,MPBODY_DD_GUARD
HEAD,HEAD_DWAYNE_Z,0x00D6,FILE_CHEADDWAYNEZ,0x0837,CheaddwayneZ,True,mp_character_model_assets_2026-06-18.csv,,0x65,Officeworker,MPBODY_OFFICEWORKER
HEAD,HEAD_KARL_Z2,0x00D8,FILE_CHEADKARL2Z,0x0839,Cheadkarl2Z,True,mp_character_model_assets_2026-06-18.csv,,0x66,Officeworker,MPBODY_OFFICEWORKER
HEAD,HEAD_DUNCAN_Z1,0x00DB,FILE_CHEADDUNCAN0Z,0x083C,Cheadduncan0Z,True,mp_character_model_assets_2026-06-18.csv,,0x67,Officeworker,MPBODY_OFFICEWORKER
HEAD,HEAD_DUNCAN_Z2,0x00DC,FILE_CHEADDUNCAN01Z,0x083D,Cheadduncan01Z,True,mp_character_model_assets_2026-06-18.csv,,0x68,Officeworker,MPBODY_OFFICEWORKER
HEAD,HEAD_GRANT_Z,0x00DE,FILE_CHEADGRANT0Z,0x083F,Cheadgrant0Z,True,mp_character_model_assets_2026-06-18.csv,,0x69,Officeworker,MPBODY_OFFICEWORKER
HEAD,HEAD_ROBIN_Z,0x00DF,FILE_CHEADROBIN0Z,0x0840,Cheadrobin0Z,True,mp_character_model_assets_2026-06-18.csv,,0x6A,Officeworker,MPBODY_OFFICEWORKER
HEAD,HEAD_GRAEME_Z1,0x00E0,FILE_CHEADGRAEMEZ,0x0841,CheadgraemeZ,True,mp_character_model_assets_2026-06-18.csv,,0x6B,Officeworker,MPBODY_OFFICEWORKER
HEAD,HEAD_GRAEME_Z2,0x00E1,FILE_CHEADGRAEME2Z,0x0842,Cheadgraeme2Z,True,mp_character_model_assets_2026-06-18.csv,,0x6C,Officeworker,MPBODY_OFFICEWORKER
HEAD,HEAD_KEN_LOBB_Z,0x00E3,FILE_CHEADKEN0Z,0x0844,Cheadken0Z,True,mp_character_model_assets_2026-06-18.csv,,0x6D,Officeworker,MPBODY_OFFICEWORKER
HEAD_DYNAMIC_POOL,HEAD_DARK_COMBAT,0x0004,FILE_CHEADDARK_COMBAT,0x019C,Cheaddark_combatZ,False,mp_dynamic_head_model_assets_2026-06-19.csv,mp_head_slot=0x00; require_feature=0; availability=base,,,
HEAD_DYNAMIC_POOL,HEAD_DARK_FROCK,0x000C,FILE_CHEADDARK_FROCK,0x01A4,Cheaddark_frockZ,False,mp_dynamic_head_model_assets_2026-06-19.csv,mp_head_slot=0x01; require_feature=MPFEATURE_CHR_CI; availability=base,,,
HEAD_DYNAMIC_POOL,HEAD_DARKAQUA,0x002F,FILE_CHEADDARKAQUA,0x04AD,CheaddarkaquaZ,False,mp_dynamic_head_model_assets_2026-06-19.csv,mp_head_slot=0x02; require_feature=MPFEATURE_CHR_PELAGIC; availability=base,,,
HEAD_DYNAMIC_POOL,HEAD_DARK_SNOW,0x003C,FILE_CHEADDARK_SNOW,0x055A,Cheaddark_snowZ,False,mp_dynamic_head_model_assets_2026-06-19.csv,mp_head_slot=0x03; require_feature=MPFEATURE_CHR_DARKSNOW; availability=base,,,
HEAD_DYNAMIC_POOL,HEAD_ELVIS,0x0005,FILE_CHEADELVIS,0x019D,CheadelvisZ,False,mp_dynamic_head_model_assets_2026-06-19.csv,mp_head_slot=0x04; require_feature=MPFEATURE_CHR_ELVIS; availability=base,,,
HEAD_DYNAMIC_POOL,HEAD_ELVIS_GOGS,0x003A,FILE_CHEADELVIS_GOGS,0x0553,Cheadelvis_gogsZ,False,mp_dynamic_head_model_assets_2026-06-19.csv,mp_head_slot=0x05; require_feature=MPFEATURE_CHR_ELVIS; availability=base,,,
HEAD_DYNAMIC_POOL,HEAD_CARRINGTON,0x0007,FILE_CHEADCARRINGTON,0x019F,CheadcarringtonZ,False,mp_dynamic_head_model_assets_2026-06-19.csv,mp_head_slot=0x06; require_feature=0; availability=base,,,
HEAD_DYNAMIC_POOL,HEAD_MRBLONDE,0x0008,FILE_CHEADMRBLONDE,0x01A0,CheadmrblondeZ,False,mp_dynamic_head_model_assets_2026-06-19.csv,mp_head_slot=0x07; require_feature=MPFEATURE_CHR_MRBLONDE; availability=base,,,
HEAD_DYNAMIC_POOL,HEAD_CASSANDRA,0x000E,FILE_CHEADCASSANDRA,0x01A6,CheadcassandraZ,False,mp_dynamic_head_model_assets_2026-06-19.csv,mp_head_slot=0x08; require_feature=0; availability=base,,,
HEAD_DYNAMIC_POOL,HEAD_TRENT,0x0009,FILE_CHEADTRENT,0x01A1,CheadtrentZ,False,mp_dynamic_head_model_assets_2026-06-19.csv,mp_head_slot=0x09; require_feature=MPFEATURE_CHR_TRENT; availability=base,,,
HEAD_DYNAMIC_POOL,HEAD_JONATHAN,0x0028,FILE_CHEADJONATHAN,0x033A,CheadjonathanZ,True,mp_dynamic_head_model_assets_2026-06-19.csv,mp_head_slot=0x0A; require_feature=MPFEATURE_CHR_INFILTRATION; availability=base,,,
HEAD_DYNAMIC_POOL,HEAD_VD,0x003E,FILE_CHEAD_VD,0x0561,Chead_vdZ,False,mp_dynamic_head_model_assets_2026-06-19.csv,mp_head_slot=0x0B; require_feature=0; availability=base,,,
HEAD_DYNAMIC_POOL,HEAD_PRESIDENT,0x003D,FILE_CHEADPRESIDENT,0x055B,CheadpresidentZ,False,mp_dynamic_head_model_assets_2026-06-19.csv,mp_head_slot=0x0C; require_feature=MPFEATURE_CHR_CI; availability=base,,,
HEAD_DYNAMIC_POOL,HEAD_DDSHOCK,0x000A,FILE_CHEADDDSHOCK,0x01A2,CheadddshockZ,False,mp_dynamic_head_model_assets_2026-06-19.csv,mp_head_slot=0x0D; require_feature=0; availability=base,,,
HEAD_DYNAMIC_POOL,HEAD_BIOTECH,0x001D,FILE_CHEADBIOTECH,0x01D0,CheadbiotechZ,False,mp_dynamic_head_model_assets_2026-06-19.csv,mp_head_slot=0x0E; require_feature=MPFEATURE_CHR_BIOTECH; availability=base,,,
HEAD_DYNAMIC_POOL,HEAD_DDSNIPER,0x0030,FILE_CHEADDDSNIPER,0x04AE,CheadddsniperZ,False,mp_dynamic_head_model_assets_2026-06-19.csv,mp_head_slot=0x0F; require_feature=MPFEATURE_CHR_VILLACHRS; availability=base,,,
HEAD_DYNAMIC_POOL,HEAD_A51FACEPLATE,0x0039,FILE_CA51FACEPLATE,0x0511,Ca51faceplateZ,False,mp_dynamic_head_model_assets_2026-06-19.csv,mp_head_slot=0x10; require_feature=MPFEATURE_CHR_INFILTRATION; availability=base,,,
HEAD_DYNAMIC_POOL,HEAD_SECRETARY,0x000D,FILE_CHEADSECRETARY,0x01A5,CheadsecretaryZ,False,mp_dynamic_head_model_assets_2026-06-19.csv,mp_head_slot=0x11; require_feature=0; availability=base,,,
HEAD_DYNAMIC_POOL,HEAD_FEM_GUARD,0x0010,FILE_CHEADFEM_GUARD,0x01A8,Cheadfem_guardZ,False,mp_dynamic_head_model_assets_2026-06-19.csv,mp_head_slot=0x12; require_feature=MPFEATURE_CHR_FEMGUARD; availability=base,,,
HEAD_DYNAMIC_POOL,HEAD_FEM_GUARD2,0x0019,FILE_CHEADFEM_GUARD2,0x01C5,Cheadfem_guard2Z,False,mp_dynamic_head_model_assets_2026-06-19.csv,mp_head_slot=0x13; require_feature=MPFEATURE_CHR_FEMGUARD; availability=base,,,
HEAD_DYNAMIC_POOL,HEAD_MAIAN_S,0x0029,FILE_CHEADMAIAN_S,0x033B,Cheadmaian_sZ,False,mp_dynamic_head_model_assets_2026-06-19.csv,mp_head_slot=0x14; require_feature=MPFEATURE_CHR_ELVIS; availability=base,,,
HEAD_DYNAMIC_POOL,HEAD_JON,0x0011,FILE_CHEADJON,0x01A9,CheadjonZ,False,mp_dynamic_head_model_assets_2026-06-19.csv,mp_head_slot=0x15; require_feature=0; availability=base,,,
HEAD_DYNAMIC_POOL,HEAD_BEAU1,0x0018,FILE_CHEADBEAU,0x01C2,CheadbeauZ,False,mp_dynamic_head_model_assets_2026-06-19.csv,mp_head_slot=0x16; require_feature=0; availability=base,,,
HEAD_DYNAMIC_POOL,HEAD_ROSS,0x0006,FILE_CHEADROSS,0x019E,CheadrossZ,False,mp_dynamic_head_model_assets_2026-06-19.csv,mp_head_slot=0x17; require_feature=0; availability=base,,,
HEAD_DYNAMIC_POOL,HEAD_MARK2,0x0012,FILE_CHEADMARK2,0x01B2,Cheadmark2Z,False,mp_dynamic_head_model_assets_2026-06-19.csv,mp_head_slot=0x18; require_feature=0; availability=base,,,
HEAD_DYNAMIC_POOL,HEAD_CHRIST,0x0013,FILE_CHEADCHRIST,0x01B3,CheadchristZ,False,mp_dynamic_head_model_assets_2026-06-19.csv,mp_head_slot=0x19; require_feature=0; availability=base,,,
HEAD_DYNAMIC_POOL,HEAD_RUSS,0x0014,FILE_CHEADRUSS,0x01BC,CheadrussZ,False,mp_dynamic_head_model_assets_2026-06-19.csv,mp_head_slot=0x1A; require_feature=0; availability=base,,,
HEAD_DYNAMIC_POOL,HEAD_DARLING,0x0016,FILE_CHEADDARLING,0x01BE,CheaddarlingZ,False,mp_dynamic_head_model_assets_2026-06-19.csv,mp_head_slot=0x1B; require_feature=0; availability=base,,,
HEAD_DYNAMIC_POOL,HEAD_BRIAN,0x001A,FILE_CHEADBRIAN,0x01CD,CheadbrianZ,False,mp_dynamic_head_model_assets_2026-06-19.csv,mp_head_slot=0x1C; require_feature=0; availability=base,,,
HEAD_DYNAMIC_POOL,HEAD_JAMIE,0x001B,FILE_CHEADJAMIE,0x01CE,CheadjamieZ,False,mp_dynamic_head_model_assets_2026-06-19.csv,mp_head_slot=0x1D; require_feature=0; availability=base,,,
HEAD_DYNAMIC_POOL,HEAD_DUNCAN2,0x001C,FILE_CHEADDUNCAN2,0x01CF,Cheadduncan2Z,False,mp_dynamic_head_model_assets_2026-06-19.csv,mp_head_slot=0x1E; require_feature=0; availability=base,,,
HEAD_DYNAMIC_POOL,HEAD_KEITH,0x0037,FILE_CHEADKEITH,0x050F,CheadkeithZ,False,mp_dynamic_head_model_assets_2026-06-19.csv,mp_head_slot=0x1F; require_feature=0; availability=base,,,
HEAD_DYNAMIC_POOL,HEAD_STEVEM,0x003B,FILE_CHEADSTEVEM,0x0554,CheadstevemZ,False,mp_dynamic_head_model_assets_2026-06-19.csv,mp_head_slot=0x20; require_feature=0; availability=base,,,
HEAD_DYNAMIC_POOL,HEAD_GRANT,0x0042,FILE_CHEADGRANT,0x07BE,CheadgrantZ,False,mp_dynamic_head_model_assets_2026-06-19.csv,mp_head_slot=0x21; require_feature=0; availability=base,,,
HEAD_DYNAMIC_POOL,HEAD_PENNY,0x0043,FILE_CHEADPENNY,0x07BF,CheadpennyZ,False,mp_dynamic_head_model_assets_2026-06-19.csv,mp_head_slot=0x22; require_feature=0; availability=base,,,
HEAD_DYNAMIC_POOL,HEAD_DAVEC,0x0048,FILE_CHEADDAVEC,0x07C4,CheaddavecZ,False,mp_dynamic_head_model_assets_2026-06-19.csv,mp_head_slot=0x23; require_feature=0; availability=base,,,
HEAD_DYNAMIC_POOL,HEAD_JONES,0x0054,FILE_CHEADJONES,0x07D8,CheadjonesZ,False,mp_dynamic_head_model_assets_2026-06-19.csv,mp_head_slot=0x24; require_feature=0; availability=base,,,
HEAD_DYNAMIC_POOL,HEAD_GRAHAM,0x000B,FILE_CHEADGRAHAM,0x01A3,CheadgrahamZ,False,mp_dynamic_head_model_assets_2026-06-19.csv,mp_head_slot=0x25; require_feature=0; availability=base,,,
HEAD_DYNAMIC_POOL,HEAD_ROBERT,0x0017,FILE_CHEADROBERT,0x01C0,CheadrobertZ,False,mp_dynamic_head_model_assets_2026-06-19.csv,mp_head_slot=0x26; require_feature=0; availability=base,,,
HEAD_DYNAMIC_POOL,HEAD_NEIL2,0x001E,FILE_CHEADNEIL2,0x0232,Cheadneil2Z,False,mp_dynamic_head_model_assets_2026-06-19.csv,mp_head_slot=0x27; require_feature=0; availability=base,,,
HEAD_DYNAMIC_POOL,HEAD_SHAUN,0x002A,FILE_CHEADSHAUN,0x0345,CheadshaunZ,False,mp_dynamic_head_model_assets_2026-06-19.csv,mp_head_slot=0x28; require_feature=0; availability=base,,,
HEAD_DYNAMIC_POOL,HEAD_ROBIN,0x0044,FILE_CHEADROBIN,0x07C0,CheadrobinZ,False,mp_dynamic_head_model_assets_2026-06-19.csv,mp_head_slot=0x29; require_feature=0; availability=base,,,
HEAD_DYNAMIC_POOL,HEAD_COOK,0x0049,FILE_CHEADCOOK,0x07CD,CheadcookZ,False,mp_dynamic_head_model_assets_2026-06-19.csv,mp_head_slot=0x2A; require_feature=0; availability=base,,,
HEAD_DYNAMIC_POOL,HEAD_PRYCE,0x004A,FILE_CHEADPRYCE,0x07CE,CheadpryceZ,False,mp_dynamic_head_model_assets_2026-06-19.csv,mp_head_slot=0x2B; require_feature=0; availability=base,,,
HEAD_DYNAMIC_POOL,HEAD_SILKE,0x004B,FILE_CHEADSILKE,0x07CF,CheadsilkeZ,False,mp_dynamic_head_model_assets_2026-06-19.csv,mp_head_slot=0x2C; require_feature=0; availability=base,,,
HEAD_DYNAMIC_POOL,HEAD_SMITH,0x004C,FILE_CHEADSMITH,0x07D0,CheadsmithZ,False,mp_dynamic_head_model_assets_2026-06-19.csv,mp_head_slot=0x2D; require_feature=0; availability=base,,,
HEAD_DYNAMIC_POOL,HEAD_GARETH,0x004D,FILE_CHEADGARETH,0x07D1,CheadgarethZ,False,mp_dynamic_head_model_assets_2026-06-19.csv,mp_head_slot=0x2E; require_feature=0; availability=base,,,
HEAD_DYNAMIC_POOL,HEAD_MURCHIE,0x004E,FILE_CHEADMURCHIE,0x07D2,CheadmurchieZ,False,mp_dynamic_head_model_assets_2026-06-19.csv,mp_head_slot=0x2F; require_feature=0; availability=base,,,
HEAD_DYNAMIC_POOL,HEAD_WONG,0x004F,FILE_CHEADWONG,0x07D3,CheadwongZ,False,mp_dynamic_head_model_assets_2026-06-19.csv,mp_head_slot=0x30; require_feature=0; availability=base,,,
HEAD_DYNAMIC_POOL,HEAD_CARTER,0x0050,FILE_CHEADCARTER,0x07D4,CheadcarterZ,False,mp_dynamic_head_model_assets_2026-06-19.csv,mp_head_slot=0x31; require_feature=0; availability=base,,,
HEAD_DYNAMIC_POOL,HEAD_TINTIN,0x0051,FILE_CHEADTINTIN,0x07D5,CheadtintinZ,False,mp_dynamic_head_model_assets_2026-06-19.csv,mp_head_slot=0x32; require_feature=0; availability=base,,,
HEAD_DYNAMIC_POOL,HEAD_MUNTON,0x0052,FILE_CHEADMUNTON,0x07D6,CheadmuntonZ,False,mp_dynamic_head_model_assets_2026-06-19.csv,mp_head_slot=0x33; require_feature=0; availability=base,,,
HEAD_DYNAMIC_POOL,HEAD_STAMPER,0x0053,FILE_CHEADSTAMPER,0x07D7,CheadstamperZ,False,mp_dynamic_head_model_assets_2026-06-19.csv,mp_head_slot=0x34; require_feature=0; availability=base,,,
HEAD_DYNAMIC_POOL,HEAD_PHELPS,0x0055,FILE_CHEADPHELPS,0x07D9,CheadphelpsZ,False,mp_dynamic_head_model_assets_2026-06-19.csv,mp_head_slot=0x35; require_feature=0; availability=base,,,
HEAD_DYNAMIC_POOL,HEAD_ALEX,0x0045,FILE_CHEADALEX,0x07C1,CheadalexZ,False,mp_dynamic_head_model_assets_2026-06-19.csv,mp_head_slot=0x36; require_feature=0; availability=base,,,
HEAD_DYNAMIC_POOL,HEAD_JULIANNE,0x0046,FILE_CHEADJULIANNE,0x07C2,CheadjulianneZ,False,mp_dynamic_head_model_assets_2026-06-19.csv,mp_head_slot=0x37; require_feature=0; availability=base,,,
HEAD_DYNAMIC_POOL,HEAD_LAURA,0x0047,FILE_CHEADLAURA,0x07C3,CheadlauraZ,False,mp_dynamic_head_model_assets_2026-06-19.csv,mp_head_slot=0x38; require_feature=0; availability=base,,,
HEAD_DYNAMIC_POOL,HEAD_EDMCG,0x001F,FILE_CHEADEDMCG,0x0238,CheadedmcgZ,False,mp_dynamic_head_model_assets_2026-06-19.csv,mp_head_slot=0x39; require_feature=0; availability=base,,,
HEAD_DYNAMIC_POOL,HEAD_ANKA,0x0020,FILE_CHEADANKA,0x023A,CheadankaZ,False,mp_dynamic_head_model_assets_2026-06-19.csv,mp_head_slot=0x3A; require_feature=0; availability=base,,,
HEAD_DYNAMIC_POOL,HEAD_LESLIE_S,0x0021,FILE_CHEADLESLIE_S,0x023D,Cheadleslie_sZ,False,mp_dynamic_head_model_assets_2026-06-19.csv,mp_head_slot=0x3B; require_feature=0; availability=base,,,
HEAD_DYNAMIC_POOL,HEAD_MATT_C,0x0022,FILE_CHEADMATT_C,0x0243,Cheadmatt_cZ,False,mp_dynamic_head_model_assets_2026-06-19.csv,mp_head_slot=0x3C; require_feature=0; availability=base,,,
HEAD_DYNAMIC_POOL,HEAD_PEER_S,0x0023,FILE_CHEADPEER_S,0x0245,Cheadpeer_sZ,False,mp_dynamic_head_model_assets_2026-06-19.csv,mp_head_slot=0x3D; require_feature=0; availability=base,,,
HEAD_DYNAMIC_POOL,HEAD_EILEEN_T,0x0024,FILE_CHEADEILEEN_T,0x0247,Cheadeileen_tZ,False,mp_dynamic_head_model_assets_2026-06-19.csv,mp_head_slot=0x3E; require_feature=0; availability=base,,,
HEAD_DYNAMIC_POOL,HEAD_ANDY_R,0x0025,FILE_CHEADANDY_R,0x0262,Cheadandy_rZ,False,mp_dynamic_head_model_assets_2026-06-19.csv,mp_head_slot=0x3F; require_feature=0; availability=base,,,
HEAD_DYNAMIC_POOL,HEAD_BEN_R,0x0026,FILE_CHEADBEN_R,0x0267,Cheadben_rZ,False,mp_dynamic_head_model_assets_2026-06-19.csv,mp_head_slot=0x40; require_feature=0; availability=base,,,
HEAD_DYNAMIC_POOL,HEAD_STEVE_K,0x0027,FILE_CHEADSTEVE_K,0x0268,Cheadsteve_kZ,False,mp_dynamic_head_model_assets_2026-06-19.csv,mp_head_slot=0x41; require_feature=0; availability=base,,,
HEAD_DYNAMIC_POOL,HEAD_SANCHEZ,0x002E,FILE_CHEADSANCHEZ,0x04AC,CheadsanchezZ,False,mp_dynamic_head_model_assets_2026-06-19.csv,mp_head_slot=0x42; require_feature=0; availability=base,,,
HEAD_DYNAMIC_POOL,HEAD_TIM,0x0041,FILE_CHEADTIM,0x07BD,CheadtimZ,False,mp_dynamic_head_model_assets_2026-06-19.csv,mp_head_slot=0x43; require_feature=0; availability=base,,,
HEAD_DYNAMIC_POOL,HEAD_KEN,0x003F,FILE_CHEADKEN,0x07C5,CheadkenZ,False,mp_dynamic_head_model_assets_2026-06-19.csv,mp_head_slot=0x44; require_feature=0; availability=base,,,
HEAD_DYNAMIC_POOL,HEAD_EILEEN_H,0x002C,FILE_CHEADEILEEN_H,0x04A7,Cheadeileen_hZ,False,mp_dynamic_head_model_assets_2026-06-19.csv,mp_head_slot=0x45; require_feature=0; availability=base,,,
HEAD_DYNAMIC_POOL,HEAD_SCOTT_H,0x002D,FILE_CHEADSCOTT_H,0x04A8,Cheadscott_hZ,False,mp_dynamic_head_model_assets_2026-06-19.csv,mp_head_slot=0x46; require_feature=0; availability=base,,,
HEAD_DYNAMIC_POOL,HEAD_JOEL,0x0040,FILE_CHEADJOEL,0x07C6,CheadjoelZ,False,mp_dynamic_head_model_assets_2026-06-19.csv,mp_head_slot=0x47; require_feature=0; availability=base,,,
HEAD_DYNAMIC_POOL,HEAD_GRIFFEY,0x0035,FILE_CHEADGRIFFEY,0x050D,CheadgriffeyZ,False,mp_dynamic_head_model_assets_2026-06-19.csv,mp_head_slot=0x48; require_feature=0; availability=base,,,
HEAD_DYNAMIC_POOL,HEAD_MOTO,0x0036,FILE_CHEADMOTO,0x050E,CheadmotoZ,False,mp_dynamic_head_model_assets_2026-06-19.csv,mp_head_slot=0x49; require_feature=0; availability=not_jpn_final,,,
HEAD_DYNAMIC_POOL,HEAD_WINNER,0x0038,FILE_CHEADWINNER,0x0510,CheadwinnerZ,False,mp_dynamic_head_model_assets_2026-06-19.csv,mp_head_slot=0x4A; require_feature=0; availability=base,,,
HEAD_DYNAMIC_POOL,HEAD_GREY,0x0015,FILE_CHEADGREY,0x01BD,CheadgreyZ,True,mp_dynamic_head_model_assets_2026-06-19.csv,mp_head_slot=0x4B; require_feature=0; availability=not_platform_n64,,,
HEAD_DYNAMIC_POOL,HEAD_NATALYA,0x0097,FILE_CHEADNATALYAZ,0x07E2,,False,mp_dynamic_head_model_assets_2026-06-19.csv,mp_head_slot=0x4C; require_feature=0; availability=not_platform_n64,,,
HEAD_DYNAMIC_POOL,HEAD_XENIA,0x0098,FILE_CHEADXENIAZ,0x07E5,,False,mp_dynamic_head_model_assets_2026-06-19.csv,mp_head_slot=0x4D; require_feature=0; availability=not_platform_n64,,,
HEAD_DYNAMIC_POOL,HEAD_OURUMOV,0x0099,FILE_CHEADOURUMOVZ,0x07E8,,False,mp_dynamic_head_model_assets_2026-06-19.csv,mp_head_slot=0x4E; require_feature=0; availability=not_platform_n64,,,
HEAD_DYNAMIC_POOL,HEAD_ODDJOB,0x009A,FILE_CHEADODDJOBZ,0x07EB,,False,mp_dynamic_head_model_assets_2026-06-19.csv,mp_head_slot=0x4F; require_feature=0; availability=not_platform_n64,,,
HEAD_DYNAMIC_POOL,HEAD_TREVELYAN_Z,0x009F,FILE_CHEADTREVELYANZ,0x07EE,,False,mp_dynamic_head_model_assets_2026-06-19.csv,mp_head_slot=0x50; require_feature=0; availability=not_platform_n64,,,
HEAD_DYNAMIC_POOL,HEAD_BROSNAN_CLASSIC,0x00A0,FILE_CHEADBROSNANZ,0x07F2,,False,mp_dynamic_head_model_assets_2026-06-19.csv,mp_head_slot=0x51; require_feature=0; availability=not_platform_n64,,,
HEAD_DYNAMIC_POOL,HEAD_DALTON_CLASSIC,0x00A1,FILE_CHEADDALTONZ,0x07F5,,False,mp_dynamic_head_model_assets_2026-06-19.csv,mp_head_slot=0x52; require_feature=0; availability=not_platform_n64,,,
HEAD_DYNAMIC_POOL,HEAD_CONNERY_CLASSIC,0x00A2,FILE_CHEADCONNERYZ,0x07F7,,False,mp_dynamic_head_model_assets_2026-06-19.csv,mp_head_slot=0x53; require_feature=0; availability=not_platform_n64,,,
HEAD_DYNAMIC_POOL,HEAD_MOORE_CLASSIC,0x00A3,FILE_CHEADMOOREZ,0x07FA,,False,mp_dynamic_head_model_assets_2026-06-19.csv,mp_head_slot=0x54; require_feature=0; availability=not_platform_n64,,,
HEAD_DYNAMIC_POOL,HEAD_LAZENBY_CLASSIC,0x00A4,FILE_CHEADLAZENBYZ,0x07FC,,False,mp_dynamic_head_model_assets_2026-06-19.csv,mp_head_slot=0x55; require_feature=0; availability=not_platform_n64,,,
HEAD_DYNAMIC_POOL,HEAD_JAWS_Z,0x00A5,FILE_CHEADJAWSZ,0x07FE,,False,mp_dynamic_head_model_assets_2026-06-19.csv,mp_head_slot=0x56; require_feature=0; availability=not_platform_n64,,,
HEAD_DYNAMIC_POOL,HEAD_SNOWGUARD_Z,0x00A6,FILE_CHEADSNOWGUARDZ,0x0800,,False,mp_dynamic_head_model_assets_2026-06-19.csv,mp_head_slot=0x57; require_feature=0; availability=not_platform_n64,,,
HEAD_DYNAMIC_POOL,HEAD_BROSNAN_VARIANT,0x00A7,FILE_CHEADBROSNAN2Z,0x0803,,False,mp_dynamic_head_model_assets_2026-06-19.csv,mp_head_slot=0x58; require_feature=0; availability=not_platform_n64,,,
HEAD_DYNAMIC_POOL,HEAD_MISHKIN_Z,0x00A8,FILE_CHEADMISHKINZ,0x0805,,False,mp_dynamic_head_model_assets_2026-06-19.csv,mp_head_slot=0x59; require_feature=0; availability=not_platform_n64,,,
HEAD_DYNAMIC_POOL,HEAD_BORIS_Z,0x00A9,FILE_CHEADBORISZ,0x080E,,False,mp_dynamic_head_model_assets_2026-06-19.csv,mp_head_slot=0x5A; require_feature=0; availability=not_platform_n64,,,
HEAD_DYNAMIC_POOL,HEAD_VALENTIN_Z,0x00AA,FILE_CHEADVALENTINZ,0x0811,,False,mp_dynamic_head_model_assets_2026-06-19.csv,mp_head_slot=0x5B; require_feature=0; availability=not_platform_n64,,,
HEAD_DYNAMIC_POOL,HEAD_MAYDAY_Z,0x00AB,FILE_CHEADMAYDAYZ,0x0813,,False,mp_dynamic_head_model_assets_2026-06-19.csv,mp_head_slot=0x5C; require_feature=0; availability=not_platform_n64,,,
HEAD_DYNAMIC_POOL,HEAD_BARON_SAMEDI_Z,0x00AC,FILE_CHEADBARONSAMEDIZ,0x0816,,False,mp_dynamic_head_model_assets_2026-06-19.csv,mp_head_slot=0x5D; require_feature=0; availability=not_platform_n64,,,
HEAD_DYNAMIC_POOL,HEAD_BARON_SAMEDI_DEATH_Z,0x00AD,FILE_CHEADBARONSAMEDI2Z,0x0819,,False,mp_dynamic_head_model_assets_2026-06-19.csv,mp_head_slot=0x5E; require_feature=0; availability=not_platform_n64,,,
HEAD_DYNAMIC_POOL,HEAD_SANTA_Z,0x00AE,FILE_CHEADSANTAZ,0x081C,,False,mp_dynamic_head_model_assets_2026-06-19.csv,mp_head_slot=0x5F; require_feature=0; availability=not_platform_n64,,,
HEAD_DYNAMIC_POOL,HEAD_ELF_Z,0x00AF,FILE_CHEADELFZ,0x081F,,False,mp_dynamic_head_model_assets_2026-06-19.csv,mp_head_slot=0x60; require_feature=0; availability=not_platform_n64,,,
HEAD_DYNAMIC_POOL,HEAD_PILOT_Z,0x00B0,FILE_CHEADPILOTZ,0x0822,,False,mp_dynamic_head_model_assets_2026-06-19.csv,mp_head_slot=0x61; require_feature=0; availability=not_platform_n64,,,
HEAD_DYNAMIC_POOL,HEAD_MARION_Z,0x00B1,FILE_CHEADMARIONZ,0x0825,,False,mp_dynamic_head_model_assets_2026-06-19.csv,mp_head_slot=0x62; require_feature=0; availability=not_platform_n64,,,
HEAD_DYNAMIC_POOL,HEAD_GALORE_Z,0x00B2,FILE_CHEADGALOREZ,0x082B,,False,mp_dynamic_head_model_assets_2026-06-19.csv,mp_head_slot=0x63; require_feature=0; availability=not_platform_n64,,,
HEAD_DYNAMIC_POOL,HEAD_SOGUN_Z,0x00B3,FILE_CHEADSOGUNZ,0x082F,,False,mp_dynamic_head_model_assets_2026-06-19.csv,mp_head_slot=0x64; require_feature=0; availability=not_platform_n64,,,
HEAD_DYNAMIC_POOL,HEAD_DOAK_Z1,0x00D3,FILE_CHEADDAVEDZ,0x0834,,False,mp_dynamic_head_model_assets_2026-06-19.csv,mp_head_slot=0x65; require_feature=0; availability=not_platform_n64,,,
HEAD_DYNAMIC_POOL,HEAD_DOAK_Z2,0x00D4,FILE_CHEADDAVED2Z,0x0835,,False,mp_dynamic_head_model_assets_2026-06-19.csv,mp_head_slot=0x66; require_feature=0; availability=not_platform_n64,,,
HEAD_DYNAMIC_POOL,HEAD_TERRORIST_Z,0x00D5,FILE_CHEADBALACLAVAZ,0x0836,,False,mp_dynamic_head_model_assets_2026-06-19.csv,mp_head_slot=0x67; require_feature=0; availability=not_platform_n64,,,
HEAD_DYNAMIC_POOL,HEAD_DWAYNE_Z,0x00D6,FILE_CHEADDWAYNEZ,0x0837,,False,mp_dynamic_head_model_assets_2026-06-19.csv,mp_head_slot=0x68; require_feature=0; availability=not_platform_n64,,,
HEAD_DYNAMIC_POOL,HEAD_KARL_Z1,0x00D7,FILE_CHEADKARLZ,0x0838,,False,mp_dynamic_head_model_assets_2026-06-19.csv,mp_head_slot=0x69; require_feature=0; availability=not_platform_n64,,,
HEAD_DYNAMIC_POOL,HEAD_KARL_Z2,0x00D8,FILE_CHEADKARL2Z,0x0839,,False,mp_dynamic_head_model_assets_2026-06-19.csv,mp_head_slot=0x6A; require_feature=0; availability=not_platform_n64,,,
HEAD_DYNAMIC_POOL,HEAD_MARTIN_Z,0x00D9,FILE_CHEADMARTINZ,0x083A,,False,mp_dynamic_head_model_assets_2026-06-19.csv,mp_head_slot=0x6B; require_feature=0; availability=not_platform_n64,,,
HEAD_DYNAMIC_POOL,HEAD_MARK_EDMONDS_Z,0x00DA,FILE_CHEADMARK0Z,0x083B,,False,mp_dynamic_head_model_assets_2026-06-19.csv,mp_head_slot=0x6C; require_feature=0; availability=not_platform_n64,,,
HEAD_DYNAMIC_POOL,HEAD_DUNCAN_Z1,0x00DB,FILE_CHEADDUNCAN0Z,0x083C,,False,mp_dynamic_head_model_assets_2026-06-19.csv,mp_head_slot=0x6D; require_feature=0; availability=not_platform_n64,,,
HEAD_DYNAMIC_POOL,HEAD_DUNCAN_Z2,0x00DC,FILE_CHEADDUNCAN01Z,0x083D,,False,mp_dynamic_head_model_assets_2026-06-19.csv,mp_head_slot=0x6E; require_feature=0; availability=not_platform_n64,,,
HEAD_DYNAMIC_POOL,HEAD_B_JONES_Z,0x00DD,FILE_CHEADJONES0Z,0x083E,,False,mp_dynamic_head_model_assets_2026-06-19.csv,mp_head_slot=0x6F; require_feature=0; availability=not_platform_n64,,,
HEAD_DYNAMIC_POOL,HEAD_GRANT_Z,0x00DE,FILE_CHEADGRANT0Z,0x083F,,False,mp_dynamic_head_model_assets_2026-06-19.csv,mp_head_slot=0x70; require_feature=0; availability=not_platform_n64,,,
HEAD_DYNAMIC_POOL,HEAD_ROBIN_Z,0x00DF,FILE_CHEADROBIN0Z,0x0840,,False,mp_dynamic_head_model_assets_2026-06-19.csv,mp_head_slot=0x71; require_feature=0; availability=not_platform_n64,,,
HEAD_DYNAMIC_POOL,HEAD_GRAEME_Z1,0x00E0,FILE_CHEADGRAEMEZ,0x0841,,False,mp_dynamic_head_model_assets_2026-06-19.csv,mp_head_slot=0x72; require_feature=0; availability=not_platform_n64,,,
HEAD_DYNAMIC_POOL,HEAD_GRAEME_Z2,0x00E1,FILE_CHEADGRAEME2Z,0x0842,,False,mp_dynamic_head_model_assets_2026-06-19.csv,mp_head_slot=0x73; require_feature=0; availability=not_platform_n64,,,
HEAD_DYNAMIC_POOL,HEAD_STEVE_ELLIS_Z,0x00E2,FILE_CHEADSTEVE_EZ,0x0843,,False,mp_dynamic_head_model_assets_2026-06-19.csv,mp_head_slot=0x74; require_feature=0; availability=not_platform_n64,,,
HEAD_DYNAMIC_POOL,HEAD_KEN_LOBB_Z,0x00E3,FILE_CHEADKEN0Z,0x0844,,False,mp_dynamic_head_model_assets_2026-06-19.csv,mp_head_slot=0x75; require_feature=0; availability=not_platform_n64,,,
HEAD_DYNAMIC_POOL,HEAD_EVIL_CYBORG,0x00E4,FILE_CHEADEVILCYBORGZ,0x0845,,False,mp_dynamic_head_model_assets_2026-06-19.csv,mp_head_slot=0x76; require_feature=0; availability=not_platform_n64,,,
HEAD_DYNAMIC_POOL,HEAD_ROBOT_SKELINGTON,0x00E6,FILE_CHEADBARONSAMEDI2Z,0x0819,,False,mp_dynamic_head_model_assets_2026-06-19.csv,mp_head_slot=0x77; require_feature=0; availability=not_platform_n64,,,
