mp_slot,character_name,mpbody_const,body_id,head_id,asset_role,asset_const,file_const,file_id,rom_or_external_filename,loose_override_exists,texture_ids_from_reference,reference_display_name,notes
0x00,Joanna Combat,MPBODY_DARK_COMBAT,0x0056,0x0004,BODY,BODY_DARK_COMBAT,FILE_CDARK_COMBAT,0x0042,Cdark_combatZ,False,,Dark Combat,
0x00,Joanna Combat,MPBODY_DARK_COMBAT,0x0056,0x0004,HEAD,HEAD_DARK_COMBAT,FILE_CHEADDARK_COMBAT,0x019C,Cheaddark_combatZ,False,,Dark Combat,
0x00,Joanna Combat,MPBODY_DARK_COMBAT,0x0056,0x0004,HAND,,FILE_GCOMBATHANDSLOD,0x04E5,GcombathandslodZ,False,,Dark Combat,
0x01,Joanna Trench Coat,MPBODY_DARK_TRENCH,0x0062,0x0004,BODY,BODY_DARK_TRENCH,FILE_CDARK_TRENCH,0x0044,Cdark_trenchZ,False,,Dark Combat,
0x01,Joanna Trench Coat,MPBODY_DARK_TRENCH,0x0062,0x0004,HEAD,HEAD_DARK_COMBAT,FILE_CHEADDARK_COMBAT,0x019C,Cheaddark_combatZ,False,,Dark Combat,
0x01,Joanna Trench Coat,MPBODY_DARK_TRENCH,0x0062,0x0004,HAND,,FILE_GHAND_JOTRENCH,0x052C,Ghand_jotrenchZ,False,,Dark Combat,
0x02,Joanna Party Frock,MPBODY_DARK_FROCK,0x0061,0x000C,BODY,BODY_DARK_FROCK,FILE_CDARK_FROCK,0x0043,Cdark_frockZ,False,,Dark Frock,
0x02,Joanna Party Frock,MPBODY_DARK_FROCK,0x0061,0x000C,HEAD,HEAD_DARK_FROCK,FILE_CHEADDARK_FROCK,0x01A4,Cheaddark_frockZ,False,,Dark Frock,
0x02,Joanna Party Frock,MPBODY_DARK_FROCK,0x0061,0x000C,HAND,,FILE_GHAND_JOFROCK,0x052B,Ghand_jofrockZ,False,,Dark Frock,
0x03,Joanna Frock (Ripped),MPBODY_DARK_RIPPED,0x006D,0x000C,BODY,BODY_DARK_RIPPED,FILE_CDARK_RIPPED,0x01B1,Cdark_rippedZ,False,,Dark Frock,
0x03,Joanna Frock (Ripped),MPBODY_DARK_RIPPED,0x006D,0x000C,HEAD,HEAD_DARK_FROCK,FILE_CHEADDARK_FROCK,0x01A4,Cheaddark_frockZ,False,,Dark Frock,
0x03,Joanna Frock (Ripped),MPBODY_DARK_RIPPED,0x006D,0x000C,HAND,,FILE_GHAND_JOFROCK,0x052B,Ghand_jofrockZ,False,,Dark Frock,
0x04,Joanna Stewardess,MPBODY_DARK_AF1,0x0086,0x0004,BODY,BODY_DARK_AF1,FILE_CDARK_AF1,0x033C,Cdark_af1Z,False,,Dark Combat,
0x04,Joanna Stewardess,MPBODY_DARK_AF1,0x0086,0x0004,HEAD,HEAD_DARK_COMBAT,FILE_CHEADDARK_COMBAT,0x019C,Cheaddark_combatZ,False,,Dark Combat,
0x04,Joanna Stewardess,MPBODY_DARK_AF1,0x0086,0x0004,HAND,,FILE_GHAND_JOPILOT,0x0530,Ghand_jopilotZ,False,,Dark Combat,
0x05,Joanna Leather,MPBODY_DARK_LEATHER,0x0095,0x0004,BODY,BODY_DARK_LEATHER,FILE_CDARK_LEATHER,0x0559,Cdark_leatherZ,False,,Dark Combat,
0x05,Joanna Leather,MPBODY_DARK_LEATHER,0x0095,0x0004,HEAD,HEAD_DARK_COMBAT,FILE_CHEADDARK_COMBAT,0x019C,Cheaddark_combatZ,False,,Dark Combat,
0x05,Joanna Leather,MPBODY_DARK_LEATHER,0x0095,0x0004,HAND,,FILE_GHAND_JOFROCK,0x052B,Ghand_jofrockZ,False,,Dark Combat,
0x06,Joanna Negotiator,MPBODY_DARK_NEGOTIATOR,0x0096,0x0004,BODY,BODY_DARK_NEGOTIATOR,FILE_CDARK_NEGOTIATOR,0x0796,Cdark_negotiatorZ,False,,Dark Combat,
0x06,Joanna Negotiator,MPBODY_DARK_NEGOTIATOR,0x0096,0x0004,HEAD,HEAD_DARK_COMBAT,FILE_CHEADDARK_COMBAT,0x019C,Cheaddark_combatZ,False,,Dark Combat,
0x06,Joanna Negotiator,MPBODY_DARK_NEGOTIATOR,0x0096,0x0004,HAND,,FILE_GHAND_JOAF1,0x052F,Ghand_joaf1Z,False,,Dark Combat,
0x07,Joanna Wet Suit,MPBODY_DARKWET,0x0087,0x002F,BODY,BODY_DARKWET,FILE_CDARKWET,0x049E,CdarkwetZ,False,,Darkaqua,
0x07,Joanna Wet Suit,MPBODY_DARKWET,0x0087,0x002F,HEAD,HEAD_DARKAQUA,FILE_CHEADDARKAQUA,0x04AD,CheaddarkaquaZ,False,,Darkaqua,
0x07,Joanna Wet Suit,MPBODY_DARKWET,0x0087,0x002F,HAND,,FILE_GHAND_JOWETSUIT,0x0529,Ghand_jowetsuitZ,False,,Darkaqua,
0x08,Joanna Aqualung,MPBODY_DARKAQUALUNG,0x0088,0x002F,BODY,BODY_DARKAQUALUNG,FILE_CDARKAQUALUNG,0x049F,CdarkaqualungZ,False,,Darkaqua,
0x08,Joanna Aqualung,MPBODY_DARKAQUALUNG,0x0088,0x002F,HEAD,HEAD_DARKAQUA,FILE_CHEADDARKAQUA,0x04AD,CheaddarkaquaZ,False,,Darkaqua,
0x08,Joanna Aqualung,MPBODY_DARKAQUALUNG,0x0088,0x002F,HAND,,FILE_GHAND_JOWETSUIT,0x0529,Ghand_jowetsuitZ,False,,Darkaqua,
0x09,Joanna Arctic,MPBODY_DARKSNOW,0x0089,0x003C,BODY,BODY_DARKSNOW,FILE_CDARKSNOW,0x04A0,CdarksnowZ,False,,Dark Snow,
0x09,Joanna Arctic,MPBODY_DARKSNOW,0x0089,0x003C,HEAD,HEAD_DARK_SNOW,FILE_CHEADDARK_SNOW,0x055A,Cheaddark_snowZ,False,,Dark Snow,
0x09,Joanna Arctic,MPBODY_DARKSNOW,0x0089,0x003C,HAND,,FILE_GHAND_JOSNOW,0x0536,Ghand_josnowZ,False,,Dark Snow,
0x0A,Joanna Lab Tech.,MPBODY_DARKLAB,0x008A,0x0004,BODY,BODY_DARKLAB,FILE_CDARKLAB,0x04A1,CdarklabZ,False,,Dark Combat,
0x0A,Joanna Lab Tech.,MPBODY_DARKLAB,0x008A,0x0004,HEAD,HEAD_DARK_COMBAT,FILE_CHEADDARK_COMBAT,0x019C,Cheaddark_combatZ,False,,Dark Combat,
0x0A,Joanna Lab Tech.,MPBODY_DARKLAB,0x008A,0x0004,HAND,,FILE_GHAND_MRBLONDE,0x0532,Ghand_mrblondeZ,False,,Dark Combat,
0x0B,Elvis,MPBODY_THEKING,0x0067,0x0005,BODY,BODY_THEKING,FILE_CTHEKING,0x0056,CthekingZ,False,,Elvis,
0x0B,Elvis,MPBODY_THEKING,0x0067,0x0005,HEAD,HEAD_ELVIS,FILE_CHEADELVIS,0x019D,CheadelvisZ,False,,Elvis,
0x0B,Elvis,MPBODY_THEKING,0x0067,0x0005,HAND,,FILE_GHAND_ELVIS,0x0764,Ghand_elvisZ,False,,Elvis,
0x0C,Maian,MPBODY_ELVIS1,0x0057,0x0005,BODY,BODY_ELVIS1,FILE_CELVIS1,0x004A,Celvis1Z,False,,Elvis,
0x0C,Maian,MPBODY_ELVIS1,0x0057,0x0005,HEAD,HEAD_ELVIS,FILE_CHEADELVIS,0x019D,CheadelvisZ,False,,Elvis,
0x0C,Maian,MPBODY_ELVIS1,0x0057,0x0005,HAND,,FILE_GHAND_ELVIS,0x0764,Ghand_elvisZ,False,,Elvis,
0x0D,Elvis (Waistcoat),MPBODY_ELVISWAISTCOAT,0x0094,0x0005,BODY,BODY_ELVISWAISTCOAT,FILE_CELVISWAISTCOAT,0x050C,CelviswaistcoatZ,False,,Elvis,
0x0D,Elvis (Waistcoat),MPBODY_ELVISWAISTCOAT,0x0094,0x0005,HEAD,HEAD_ELVIS,FILE_CHEADELVIS,0x019D,CheadelvisZ,False,,Elvis,
0x0D,Elvis (Waistcoat),MPBODY_ELVISWAISTCOAT,0x0094,0x0005,HAND,,FILE_GHAND_ELVIS,0x0764,Ghand_elvisZ,False,,Elvis,
0x0E,Daniel Carrington,MPBODY_CARRINGTON,0x005A,0x0007,BODY,BODY_CARRINGTON,FILE_CCARRINGTON,0x0040,CcarringtonZ,False,,Carrington,
0x0E,Daniel Carrington,MPBODY_CARRINGTON,0x005A,0x0007,HEAD,HEAD_CARRINGTON,FILE_CHEADCARRINGTON,0x019F,CheadcarringtonZ,False,"0x055D,0x055E,0x055F,0x0560,0x5341,0x537C,0x537D",Carrington,
0x0E,Daniel Carrington,MPBODY_CARRINGTON,0x005A,0x0007,HAND,,FILE_GHAND_CARRINGTON,0x0531,Ghand_carringtonZ,False,,Carrington,
0x0F,Carrington Evening Wear,MPBODY_CARREVENINGSUIT,0x0090,0x0007,BODY,BODY_CARREVENINGSUIT,FILE_CCARREVENINGSUIT,0x04A9,CcarreveningsuitZ,False,,Carrington,
0x0F,Carrington Evening Wear,MPBODY_CARREVENINGSUIT,0x0090,0x0007,HEAD,HEAD_CARRINGTON,FILE_CHEADCARRINGTON,0x019F,CheadcarringtonZ,False,"0x055D,0x055E,0x055F,0x0560,0x5341,0x537C,0x537D",Carrington,
0x0F,Carrington Evening Wear,MPBODY_CARREVENINGSUIT,0x0090,0x0007,HAND,,FILE_GHAND_MRBLONDE,0x0532,Ghand_mrblondeZ,False,,Carrington,
0x10,Mr. Blonde,MPBODY_MRBLONDE,0x005B,0x0008,BODY,BODY_MRBLONDE,FILE_CMRBLONDE,0x004E,CmrblondeZ,False,,Mrblonde,
0x10,Mr. Blonde,MPBODY_MRBLONDE,0x005B,0x0008,HEAD,HEAD_MRBLONDE,FILE_CHEADMRBLONDE,0x01A0,CheadmrblondeZ,False,,Mrblonde,
0x10,Mr. Blonde,MPBODY_MRBLONDE,0x005B,0x0008,HAND,,FILE_GHAND_MRBLONDE,0x0532,Ghand_mrblondeZ,False,,Mrblonde,
0x11,Cassandra De Vries,MPBODY_CASSANDRA,0x0066,0x000E,BODY,BODY_CASSANDRA,FILE_CCASSANDRA,0x0041,CcassandraZ,False,,Cassandra,
0x11,Cassandra De Vries,MPBODY_CASSANDRA,0x0066,0x000E,HEAD,HEAD_CASSANDRA,FILE_CHEADCASSANDRA,0x01A6,CheadcassandraZ,False,,Cassandra,
0x11,Cassandra De Vries,MPBODY_CASSANDRA,0x0066,0x000E,HAND,,FILE_GHAND_VRIES,0x0537,Ghand_vriesZ,False,,Cassandra,
0x12,Trent Easton,MPBODY_TRENT,0x005D,0x0009,BODY,BODY_TRENT,FILE_CTRENT,0x0057,CtrentZ,False,,Trent,
0x12,Trent Easton,MPBODY_TRENT,0x005D,0x0009,HEAD,HEAD_TRENT,FILE_CHEADTRENT,0x01A1,CheadtrentZ,False,,Trent,
0x12,Trent Easton,MPBODY_TRENT,0x005D,0x0009,HAND,,FILE_GHAND_TRENT,0x052A,Ghand_trentZ,False,,Trent,
0x13,Jonathan,MPBODY_JONATHAN,0x0091,0x0028,BODY,BODY_JONATHAN,FILE_CJONATHON,0x04AA,CjonathonZ,False,,Jonathan,
0x13,Jonathan,MPBODY_JONATHAN,0x0091,0x0028,HEAD,HEAD_JONATHAN,FILE_CHEADJONATHAN,0x033A,CheadjonathanZ,False,,Jonathan,
0x13,Jonathan,MPBODY_JONATHAN,0x0091,0x0028,HAND,,FILE_GHAND_A51GUARD,0x0766,Ghand_a51guardZ,False,,Jonathan,
0x14,CI Male Lab Technician,MPBODY_CILABTECH,0x008E,,BODY,BODY_CILABTECH,FILE_CCILABTECH,0x04A5,CcilabtechZ,False,,Dynamic pool,dynamic head pool
0x14,CI Male Lab Technician,MPBODY_CILABTECH,0x008E,,HEAD,1000(dynamic),,,,,,Dynamic pool,dynamic head pool
0x14,CI Male Lab Technician,MPBODY_CILABTECH,0x008E,,HAND,,FILE_GHAND_CIFEMTECH,0x0534,Ghand_cifemtechZ,False,,Dynamic pool,dynamic head pool
0x15,CI Female Lab Technician,MPBODY_CIFEMTECH,0x008F,,BODY,BODY_CIFEMTECH,FILE_CCIFEMTECH,0x04A6,CcifemtechZ,False,,Dynamic pool,dynamic head pool
0x15,CI Female Lab Technician,MPBODY_CIFEMTECH,0x008F,,HEAD,1000(dynamic),,,,,,Dynamic pool,dynamic head pool
0x15,CI Female Lab Technician,MPBODY_CIFEMTECH,0x008F,,HAND,,FILE_GHAND_CIFEMTECH,0x0534,Ghand_cifemtechZ,False,,Dynamic pool,dynamic head pool
0x16,CI Soldier,MPBODY_CISOLDIER,0x0092,,BODY,BODY_CISOLDIER,FILE_CCISOLDIER,0x04AB,CcisoldierZ,False,,Dynamic pool,dynamic head pool
0x16,CI Soldier,MPBODY_CISOLDIER,0x0092,,HEAD,1000(dynamic),,,,,,Dynamic pool,dynamic head pool
0x16,CI Soldier,MPBODY_CISOLDIER,0x0092,,HAND,,FILE_GHAND_CISOLDIER,0x076D,Ghand_cisoldierZ,False,,Dynamic pool,dynamic head pool
0x17,dataDyne Shock Trooper,MPBODY_DDSHOCK,0x005E,0x000A,BODY,BODY_DDSHOCK,FILE_CDDSHOCK,0x0045,CddshockZ,False,,Ddshock,
0x17,dataDyne Shock Trooper,MPBODY_DDSHOCK,0x005E,0x000A,HEAD,HEAD_DDSHOCK,FILE_CHEADDDSHOCK,0x01A2,CheadddshockZ,False,,Ddshock,
0x17,dataDyne Shock Trooper,MPBODY_DDSHOCK,0x005E,0x000A,HAND,,FILE_GHAND_DDFODDER,0x0769,Ghand_ddfodderZ,False,,Ddshock,
0x18,dataDyne Female Guard,MPBODY_FEM_GUARD,0x0068,,BODY,BODY_FEM_GUARD,FILE_CFEM_GUARD,0x004C,Cfem_guardZ,False,,Dynamic pool,dynamic head pool
0x18,dataDyne Female Guard,MPBODY_FEM_GUARD,0x0068,,HEAD,1000(dynamic),,,,,,Dynamic pool,dynamic head pool
0x18,dataDyne Female Guard,MPBODY_FEM_GUARD,0x0068,,HAND,,FILE_GHAND_JOTRENCH,0x052C,Ghand_jotrenchZ,False,,Dynamic pool,dynamic head pool
0x19,dataDyne Security,MPBODY_DD_SECGUARD,0x006A,,BODY,BODY_DD_SECGUARD,FILE_CDD_SECGUARD,0x0046,Cdd_secguardZ,False,,Dynamic pool,dynamic head pool
0x19,dataDyne Security,MPBODY_DD_SECGUARD,0x006A,,HEAD,1000(dynamic),,,,,,Dynamic pool,dynamic head pool
0x19,dataDyne Security,MPBODY_DD_SECGUARD,0x006A,,HAND,,FILE_GHAND_DDSECURITY,0x0538,Ghand_ddsecurityZ,False,,Dynamic pool,dynamic head pool
0x1A,dataDyne Infantry,MPBODY_DD_GUARD,0x006E,,BODY,BODY_DD_GUARD,FILE_CDD_GUARD,0x01BF,Cdd_guardZ,False,,Dynamic pool,dynamic head pool
0x1A,dataDyne Infantry,MPBODY_DD_GUARD,0x006E,,HEAD,1000(dynamic),,,,,,Dynamic pool,dynamic head pool
0x1A,dataDyne Infantry,MPBODY_DD_GUARD,0x006E,,HAND,,FILE_GHAND_DDSECURITY,0x0538,Ghand_ddsecurityZ,False,,Dynamic pool,dynamic head pool
0x1B,dataDyne Trooper,MPBODY_DD_SHOCK_INF,0x006F,,BODY,BODY_DD_SHOCK_INF,FILE_CDD_SHOCK_INF,0x01C4,Cdd_shock_infZ,False,,Dynamic pool,dynamic head pool
0x1B,dataDyne Trooper,MPBODY_DD_SHOCK_INF,0x006F,,HEAD,1000(dynamic),,,,,,Dynamic pool,dynamic head pool
0x1B,dataDyne Trooper,MPBODY_DD_SHOCK_INF,0x006F,,HAND,,FILE_GHAND_DDSHOCK,0x0767,Ghand_ddshockZ,False,,Dynamic pool,dynamic head pool
0x1C,Secretary,MPBODY_SECRETARY,0x0065,,BODY,BODY_SECRETARY,FILE_CSECRETARY,0x0052,CsecretaryZ,False,,Dynamic pool,dynamic head pool
0x1C,Secretary,MPBODY_SECRETARY,0x0065,,HEAD,1000(dynamic),,,,,,Dynamic pool,dynamic head pool
0x1C,Secretary,MPBODY_SECRETARY,0x0065,,HAND,,FILE_GHAND_JOFROCK,0x052B,Ghand_jofrockZ,False,,Dynamic pool,dynamic head pool
0x1D,Office Suit,MPBODY_OFFICEWORKER,0x0063,,BODY,BODY_OFFICEWORKER,FILE_COFFICEWORKER,0x004F,CofficeworkerZ,False,,Dynamic pool,dynamic head pool
0x1D,Office Suit,MPBODY_OFFICEWORKER,0x0063,,HEAD,1000(dynamic),,,,,,Dynamic pool,dynamic head pool
0x1D,Office Suit,MPBODY_OFFICEWORKER,0x0063,,HAND,,FILE_GHAND_JOFROCK,0x052B,Ghand_jofrockZ,False,,Dynamic pool,dynamic head pool
0x1E,Office Casual,MPBODY_OFFICEWORKER2,0x0064,,BODY,BODY_OFFICEWORKER2,FILE_COFFICEWORKER2,0x0050,Cofficeworker2Z,False,,Dynamic pool,dynamic head pool
0x1E,Office Casual,MPBODY_OFFICEWORKER2,0x0064,,HEAD,1000(dynamic),,,,,,Dynamic pool,dynamic head pool
0x1E,Office Casual,MPBODY_OFFICEWORKER2,0x0064,,HAND,,FILE_GHAND_JOFROCK,0x052B,Ghand_jofrockZ,False,,Dynamic pool,dynamic head pool
0x1F,Negotiator,MPBODY_NEGOTIATOR,0x007E,,BODY,BODY_NEGOTIATOR,FILE_CNEGOTIATOR,0x0246,CnegotiatorZ,False,,Dynamic pool,dynamic head pool
0x1F,Negotiator,MPBODY_NEGOTIATOR,0x007E,,HEAD,1000(dynamic),,,,,,Dynamic pool,dynamic head pool
0x1F,Negotiator,MPBODY_NEGOTIATOR,0x007E,,HAND,,FILE_GHAND_JOFROCK,0x052B,Ghand_jofrockZ,False,,Dynamic pool,dynamic head pool
0x20,dataDyne Sniper,MPBODY_DDSNIPER,0x008C,0x0030,BODY,BODY_DDSNIPER,FILE_CDDSNIPER,0x04A3,CddsniperZ,False,,Ddsniper,
0x20,dataDyne Sniper,MPBODY_DDSNIPER,0x008C,0x0030,HEAD,HEAD_DDSNIPER,FILE_CHEADDDSNIPER,0x04AE,CheadddsniperZ,False,,Ddsniper,
0x20,dataDyne Sniper,MPBODY_DDSNIPER,0x008C,0x0030,HAND,,FILE_GHAND_DDSNIPER,0x052D,Ghand_ddsniperZ,False,,Ddsniper,
0x21,G5 Guard,MPBODY_G5_GUARD,0x007F,,BODY,BODY_G5_GUARD,FILE_CG5_GUARD,0x0261,Cg5_guardZ,False,,Dynamic pool,dynamic head pool
0x21,G5 Guard,MPBODY_G5_GUARD,0x007F,,HEAD,1000(dynamic),,,,,,Dynamic pool,dynamic head pool
0x21,G5 Guard,MPBODY_G5_GUARD,0x007F,,HAND,,FILE_GHAND_G5GUARD,0x076C,Ghand_g5guardZ,False,,Dynamic pool,dynamic head pool
0x22,G5 SWAT Guard,MPBODY_G5_SWAT_GUARD,0x0081,,BODY,BODY_G5_SWAT_GUARD,FILE_CG5_SWAT_GUARD,0x0264,Cg5_swat_guardZ,False,,Dynamic pool,dynamic head pool
0x22,G5 SWAT Guard,MPBODY_G5_SWAT_GUARD,0x0081,,HEAD,1000(dynamic),,,,,,Dynamic pool,dynamic head pool
0x22,G5 SWAT Guard,MPBODY_G5_SWAT_GUARD,0x0081,,HAND,,FILE_GHAND_G5GUARD,0x076C,Ghand_g5guardZ,False,,Dynamic pool,dynamic head pool
0x23,CIA Agent,MPBODY_CIAGUY,0x0073,,BODY,BODY_CIAGUY,FILE_CCIAGUY,0x01CB,CciaguyZ,False,,Dynamic pool,dynamic head pool
0x23,CIA Agent,MPBODY_CIAGUY,0x0073,,HEAD,1000(dynamic),,,,,,Dynamic pool,dynamic head pool
0x23,CIA Agent,MPBODY_CIAGUY,0x0073,,HAND,,FILE_GHAND_CIA,0x0533,Ghand_ciaZ,False,,Dynamic pool,dynamic head pool
0x24,FBI Agent,MPBODY_FBIGUY,0x0072,,BODY,BODY_FBIGUY,FILE_CFBIGUY,0x01C9,CfbiguyZ,False,,Dynamic pool,dynamic head pool
0x24,FBI Agent,MPBODY_FBIGUY,0x0072,,HEAD,1000(dynamic),,,,,,Dynamic pool,dynamic head pool
0x24,FBI Agent,MPBODY_FBIGUY,0x0072,,HAND,,FILE_GHAND_FBIARM,0x0535,Ghand_fbiarmZ,False,,Dynamic pool,dynamic head pool
0x25,Area 51 Guard,MPBODY_AREA51GUARD,0x0058,,BODY,BODY_AREA51GUARD,FILE_CAREA51GUARD,0x003F,Carea51guardZ,False,,Dynamic pool,dynamic head pool
0x25,Area 51 Guard,MPBODY_AREA51GUARD,0x0058,,HEAD,1000(dynamic),,,,,,Dynamic pool,dynamic head pool
0x25,Area 51 Guard,MPBODY_AREA51GUARD,0x0058,,HAND,,FILE_GHAND_A51GUARD,0x0766,Ghand_a51guardZ,False,,Dynamic pool,dynamic head pool
0x26,Area 51 Trooper,MPBODY_A51TROOPER,0x0074,,BODY,BODY_A51TROOPER,FILE_CA51TROOPER,0x01CC,Ca51trooperZ,False,,Dynamic pool,dynamic head pool
0x26,Area 51 Trooper,MPBODY_A51TROOPER,0x0074,,HEAD,1000(dynamic),,,,,,Dynamic pool,dynamic head pool
0x26,Area 51 Trooper,MPBODY_A51TROOPER,0x0074,,HAND,,FILE_GHAND_JOFROCK,0x052B,Ghand_jofrockZ,False,,Dynamic pool,dynamic head pool
0x27,Pilot,MPBODY_A51AIRMAN,0x0075,,BODY,BODY_A51AIRMAN,FILE_CA51AIRMAN,0x0231,Ca51airmanZ,False,,Dynamic pool,dynamic head pool
0x27,Pilot,MPBODY_A51AIRMAN,0x0075,,HEAD,1000(dynamic),,,,,,Dynamic pool,dynamic head pool
0x27,Pilot,MPBODY_A51AIRMAN,0x0075,,HAND,,FILE_GHAND_A51AIRMAN,0x076B,Ghand_a51airmanZ,False,,Dynamic pool,dynamic head pool
0x28,Overalls,MPBODY_OVERALL,0x0059,,BODY,BODY_OVERALL,FILE_COVERALL,0x0051,CoverallZ,False,,Dynamic pool,dynamic head pool
0x28,Overalls,MPBODY_OVERALL,0x0059,,HEAD,1000(dynamic),,,,,,Dynamic pool,dynamic head pool
0x28,Overalls,MPBODY_OVERALL,0x0059,,HAND,,FILE_GHAND_A51GUARD,0x0766,Ghand_a51guardZ,False,,Dynamic pool,dynamic head pool
0x29,NSA Bodyguard,MPBODY_STRIPES,0x0060,,BODY,BODY_STRIPES,FILE_CSTRIPES,0x0054,CstripesZ,False,,Dynamic pool,dynamic head pool
0x29,NSA Bodyguard,MPBODY_STRIPES,0x0060,,HEAD,1000(dynamic),,,,,,Dynamic pool,dynamic head pool
0x29,NSA Bodyguard,MPBODY_STRIPES,0x0060,,HAND,,FILE_GHAND_BLACKGUARD,0x0768,Ghand_blackguardZ,False,,Dynamic pool,dynamic head pool
0x2A,Male Lab Technician,MPBODY_LABTECH,0x005F,,BODY,BODY_LABTECH,FILE_CLABTECH,0x004D,ClabtechZ,False,,Dynamic pool,dynamic head pool
0x2A,Male Lab Technician,MPBODY_LABTECH,0x005F,,HEAD,1000(dynamic),,,,,,Dynamic pool,dynamic head pool
0x2A,Male Lab Technician,MPBODY_LABTECH,0x005F,,HAND,,FILE_GHAND_MRBLONDE,0x0532,Ghand_mrblondeZ,False,,Dynamic pool,dynamic head pool
0x2B,Female Lab Technician,MPBODY_FEMLABTECH,0x008B,,BODY,BODY_FEMLABTECH,FILE_CFEMLABTECH,0x04A2,CfemlabtechZ,False,,Dynamic pool,dynamic head pool
0x2B,Female Lab Technician,MPBODY_FEMLABTECH,0x008B,,HEAD,1000(dynamic),,,,,,Dynamic pool,dynamic head pool
0x2B,Female Lab Technician,MPBODY_FEMLABTECH,0x008B,,HAND,,FILE_GHAND_MRBLONDE,0x0532,Ghand_mrblondeZ,False,,Dynamic pool,dynamic head pool
0x2C,dataDyne Lab Technician,MPBODY_DD_LABTECH,0x0069,,BODY,BODY_DD_LABTECH,FILE_CDD_LABTECH,0x0194,Cdd_labtechZ,False,,Dynamic pool,dynamic head pool
0x2C,dataDyne Lab Technician,MPBODY_DD_LABTECH,0x0069,,HEAD,1000(dynamic),,,,,,Dynamic pool,dynamic head pool
0x2C,dataDyne Lab Technician,MPBODY_DD_LABTECH,0x0069,,HAND,,FILE_GHAND_DDLABTECH,0x053B,Ghand_ddlabtechZ,False,,Dynamic pool,dynamic head pool
0x2D,Biotechnician,MPBODY_BIOTECH,0x0071,0x001D,BODY,BODY_BIOTECH,FILE_CBIOTECH,0x01C8,CbiotechZ,False,,Biotech,
0x2D,Biotechnician,MPBODY_BIOTECH,0x0071,0x001D,HEAD,HEAD_BIOTECH,FILE_CHEADBIOTECH,0x01D0,CheadbiotechZ,False,,Biotech,
0x2D,Biotechnician,MPBODY_BIOTECH,0x0071,0x001D,HAND,,FILE_GHAND_DDBIO,0x076A,Ghand_ddbioZ,False,,Biotech,
0x2E,Alaskan Guard,MPBODY_ALASKAN_GUARD,0x0082,,BODY,BODY_ALASKAN_GUARD,FILE_CALASKAN_GUARD,0x0265,Calaskan_guardZ,False,,Dynamic pool,dynamic head pool
0x2E,Alaskan Guard,MPBODY_ALASKAN_GUARD,0x0082,,HEAD,1000(dynamic),,,,,,Dynamic pool,dynamic head pool
0x2E,Alaskan Guard,MPBODY_ALASKAN_GUARD,0x0082,,HAND,,FILE_GHAND_JOSNOW,0x0536,Ghand_josnowZ,False,,Dynamic pool,dynamic head pool
0x2F,Air Force One Pilot,MPBODY_PILOTAF1,0x008D,,BODY,BODY_PILOTAF1,FILE_CPILOTAF1,0x04A4,Cpilotaf1Z,False,,Dynamic pool,dynamic head pool
0x2F,Air Force One Pilot,MPBODY_PILOTAF1,0x008D,,HEAD,1000(dynamic),,,,,,Dynamic pool,dynamic head pool
0x2F,Air Force One Pilot,MPBODY_PILOTAF1,0x008D,,HAND,,FILE_GHAND_JOPILOT,0x0530,Ghand_jopilotZ,False,,Dynamic pool,dynamic head pool
0x30,Steward,MPBODY_STEWARD,0x0077,,BODY,BODY_STEWARD,FILE_CSTEWARD,0x0237,CstewardZ,False,,Dynamic pool,dynamic head pool
0x30,Steward,MPBODY_STEWARD,0x0077,,HEAD,1000(dynamic),,,,,,Dynamic pool,dynamic head pool
0x30,Steward,MPBODY_STEWARD,0x0077,,HAND,,FILE_GHAND_JOFROCK,0x052B,Ghand_jofrockZ,False,,Dynamic pool,dynamic head pool
0x31,Stewardess,MPBODY_STEWARDESS,0x0078,,BODY,BODY_STEWARDESS,FILE_CSTEWARDESS,0x0239,CstewardessZ,False,,Dynamic pool,dynamic head pool
0x31,Stewardess,MPBODY_STEWARDESS,0x0078,,HEAD,1000(dynamic),,,,,,Dynamic pool,dynamic head pool
0x31,Stewardess,MPBODY_STEWARDESS,0x0078,,HAND,,FILE_GHAND_JOFROCK,0x052B,Ghand_jofrockZ,False,,Dynamic pool,dynamic head pool
0x32,Head Stewardess,MPBODY_STEWARDESS_COAT,0x007A,,BODY,BODY_STEWARDESS_COAT,FILE_CSTEWARDESS_COAT,0x023C,Cstewardess_coatZ,False,,Dynamic pool,dynamic head pool
0x32,Head Stewardess,MPBODY_STEWARDESS_COAT,0x007A,,HEAD,1000(dynamic),,,,,,Dynamic pool,dynamic head pool
0x32,Head Stewardess,MPBODY_STEWARDESS_COAT,0x007A,,HAND,,FILE_GHAND_STEWARDESS_COAT,0x053A,Ghand_stewardess_coatZ,False,,Dynamic pool,dynamic head pool
0x33,The President,MPBODY_PRESIDENT,0x0079,0x003D,BODY,BODY_PRESIDENT,FILE_CPRESIDENT,0x023B,CpresidentZ,False,,President,
0x33,The President,MPBODY_PRESIDENT,0x0079,0x003D,HEAD,HEAD_PRESIDENT,FILE_CHEADPRESIDENT,0x055B,CheadpresidentZ,False,"0x0A8B,0x0A8C,0x0A8D,0x533C,0x533D,0x537D",President,
0x33,The President,MPBODY_PRESIDENT,0x0079,0x003D,HAND,,FILE_GHAND_PRESIDENT,0x052E,Ghand_presidentZ,False,,President,
0x34,NSA Lackey,MPBODY_NSA_LACKEY,0x007C,,BODY,BODY_NSA_LACKEY,FILE_CNSA_LACKEY,0x0242,Cnsa_lackeyZ,False,,Dynamic pool,dynamic head pool
0x34,NSA Lackey,MPBODY_NSA_LACKEY,0x007C,,HEAD,1000(dynamic),,,,,,Dynamic pool,dynamic head pool
0x34,NSA Lackey,MPBODY_NSA_LACKEY,0x007C,,HAND,,FILE_GHAND_CARRINGTON,0x0531,Ghand_carringtonZ,False,,Dynamic pool,dynamic head pool
0x35,Presidential Security,MPBODY_PRES_SECURITY,0x007D,,BODY,BODY_PRES_SECURITY,FILE_CPRES_SECURITY,0x0244,Cpres_securityZ,False,,Dynamic pool,dynamic head pool
0x35,Presidential Security,MPBODY_PRES_SECURITY,0x007D,,HEAD,1000(dynamic),,,,,,Dynamic pool,dynamic head pool
0x35,Presidential Security,MPBODY_PRES_SECURITY,0x007D,,HAND,,FILE_GHAND_CARRINGTON,0x0531,Ghand_carringtonZ,False,,Dynamic pool,dynamic head pool
0x36,"President""s Clone",MPBODY_PRESIDENT_CLONE2,0x0085,0x003D,BODY,BODY_PRESIDENT_CLONE2,FILE_CPRESIDENT_CLONE,0x0339,Cpresident_cloneZ,False,,President,
0x36,"President""s Clone",MPBODY_PRESIDENT_CLONE2,0x0085,0x003D,HEAD,HEAD_PRESIDENT,FILE_CHEADPRESIDENT,0x055B,CheadpresidentZ,False,"0x0A8B,0x0A8C,0x0A8D,0x533C,0x533D,0x537D",President,
0x36,"President""s Clone",MPBODY_PRESIDENT_CLONE2,0x0085,0x003D,HAND,,FILE_GHAND_PRESIDENT,0x052E,Ghand_presidentZ,False,,President,
0x37,Pelagic II Guard,MPBODY_PELAGIC_GUARD,0x0080,,BODY,BODY_PELAGIC_GUARD,FILE_CPELAGIC_GUARD,0x0263,Cpelagic_guardZ,False,,Dynamic pool,dynamic head pool
0x37,Pelagic II Guard,MPBODY_PELAGIC_GUARD,0x0080,,HEAD,1000(dynamic),,,,,,Dynamic pool,dynamic head pool
0x37,Pelagic II Guard,MPBODY_PELAGIC_GUARD,0x0080,,HAND,,FILE_GHAND_TRAGIC_PELAGIC,0x0539,Ghand_tragic_pelagicZ,False,,Dynamic pool,dynamic head pool
0x38,Maian Soldier,MPBODY_MAIAN_SOLDIER,0x0083,0x0029,BODY,BODY_MAIAN_SOLDIER,FILE_CMAIAN_SOLDIER,0x0266,Cmaian_soldierZ,False,,Maian S,
0x38,Maian Soldier,MPBODY_MAIAN_SOLDIER,0x0083,0x0029,HEAD,HEAD_MAIAN_S,FILE_CHEADMAIAN_S,0x033B,Cheadmaian_sZ,False,,Maian S,
0x38,Maian Soldier,MPBODY_MAIAN_SOLDIER,0x0083,0x0029,HAND,,FILE_GHAND_ELVIS,0x0764,Ghand_elvisZ,False,,Maian S,
0x39,Choose a head to load over:,MPBODY_PRESIDENT_CLONE,0x0084,,BODY,BODY_PRESIDENT_CLONE,FILE_CSKEDAR2,0x07DF,,,,Dynamic pool,dynamic head pool
0x39,Choose a head to load over:,MPBODY_PRESIDENT_CLONE,0x0084,,HEAD,1000(dynamic),,,,,,Dynamic pool,dynamic head pool
0x39,Choose a head to load over:,MPBODY_PRESIDENT_CLONE,0x0084,,HAND,,FILE_GHAND_SKEDAR,0x07E1,,,,Dynamic pool,dynamic head pool
0x3A,Need Space For Head,MPBODY_TESTCHR,0x0070,,BODY,BODY_TESTCHR,FILE_CDRCARROLL2,0x07DE,,,,Dynamic pool,dynamic head pool
0x3A,Need Space For Head,MPBODY_TESTCHR,0x0070,,HEAD,1000(dynamic),,,,,,Dynamic pool,dynamic head pool
0x3A,Need Space For Head,MPBODY_TESTCHR,0x0070,,HAND,,FILE_GHAND_DRCARROLL,0x07E0,,,,Dynamic pool,dynamic head pool
0x39,Connery,MPBODY_CONNERY,0x0001,,BODY,BODY_CONNERY,FILE_CCONNERY,0x0199,CconneryZ,False,,Dynamic pool,dynamic head pool
0x39,Connery,MPBODY_CONNERY,0x0001,,HEAD,1000(dynamic),,,,,,Dynamic pool,dynamic head pool
0x39,Connery,MPBODY_CONNERY,0x0001,,HAND,,FILE_GHAND_MRBLONDE,0x0532,Ghand_mrblondeZ,False,,Dynamic pool,dynamic head pool
0x3A,Moore,MPBODY_MOORE,0x0003,,BODY,BODY_MOORE,FILE_CMOORE,0x019A,CmooreZ,False,,Dynamic pool,dynamic head pool
0x3A,Moore,MPBODY_MOORE,0x0003,,HEAD,1000(dynamic),,,,,,Dynamic pool,dynamic head pool
0x3A,Moore,MPBODY_MOORE,0x0003,,HAND,,FILE_GHAND_DDSECURITY,0x0538,Ghand_ddsecurityZ,False,,Dynamic pool,dynamic head pool
0x3B,Dalton,MPBODY_DALTON,0x0002,,BODY,BODY_DALTON,FILE_CDALTON,0x019B,CdaltonZ,False,,Dynamic pool,dynamic head pool
0x3B,Dalton,MPBODY_DALTON,0x0002,,HEAD,1000(dynamic),,,,,,Dynamic pool,dynamic head pool
0x3B,Dalton,MPBODY_DALTON,0x0002,,HAND,,FILE_GHAND_DDSECURITY,0x0538,Ghand_ddsecurityZ,False,,Dynamic pool,dynamic head pool
0x3C,Djbond,MPBODY_DJBOND,0x0000,,BODY,BODY_DJBOND,FILE_CDJBOND,0x0047,CdjbondZ,False,,Dynamic pool,dynamic head pool
0x3C,Djbond,MPBODY_DJBOND,0x0000,,HEAD,1000(dynamic),,,,,,Dynamic pool,dynamic head pool
0x3C,Djbond,MPBODY_DJBOND,0x0000,,HAND,,FILE_GHAND_DDSECURITY,0x0538,Ghand_ddsecurityZ,False,,Dynamic pool,dynamic head pool
0x3F,Natalya,MPBODY_NATALYA,0x009B,0x0097,BODY,BODY_NATALYA,FILE_CNATALYAZ,0x07E3,CnatalyaZ,True,,Natalya,
0x3F,Natalya,MPBODY_NATALYA,0x009B,0x0097,HEAD,HEAD_NATALYA,0,,,,,Natalya,head_file=0
0x3F,Natalya,MPBODY_NATALYA,0x009B,0x0097,HAND,,FILE_GHAND_JOFROCK,0x052B,Ghand_jofrockZ,False,,Natalya,
0x40,Xenia,MPBODY_XENIA,0x009C,0x0098,BODY,BODY_XENIA,FILE_CXENIAZ,0x07E6,CxeniaZ,True,,Xenia,
0x40,Xenia,MPBODY_XENIA,0x009C,0x0098,HEAD,HEAD_XENIA,FILE_CHEADXENIAZ,0x07E5,CheadxeniaZ,True,,Xenia,
0x40,Xenia,MPBODY_XENIA,0x009C,0x0098,HAND,,FILE_GHAND_XENIAZ,0x07E7,Ghand_xeniaZ,True,,Xenia,
0x41,Ourumov,MPBODY_OURUMOV,0x009D,0x0099,BODY,BODY_OURUMOV,FILE_COURUMOVZ,0x07E9,CourumovZ,True,,Ourumov,
0x41,Ourumov,MPBODY_OURUMOV,0x009D,0x0099,HEAD,HEAD_OURUMOV,FILE_CHEADOURUMOVZ,0x07E8,CheadourumovZ,True,,Ourumov,
0x41,Ourumov,MPBODY_OURUMOV,0x009D,0x0099,HAND,,FILE_GHAND_OURUMOVZ,0x07EA,Ghand_ourumovZ,True,,Ourumov,
0x42,Oddjob,MPBODY_ODDJOB,0x009E,0x009A,BODY,BODY_ODDJOB,FILE_CODDJOBZ,0x07EC,CoddjobZ,True,,Oddjob,
0x42,Oddjob,MPBODY_ODDJOB,0x009E,0x009A,HEAD,HEAD_ODDJOB,FILE_CHEADODDJOBZ,0x07EB,CheadoddjobZ,True,,Oddjob,
0x42,Oddjob,MPBODY_ODDJOB,0x009E,0x009A,HAND,,FILE_GHAND_ODDJOBZ,0x07ED,Ghand_oddjobZ,True,,Oddjob,
0x43,Trevelyan Janus,MPBODY_TREVELYAN_JANUS,0x00B4,0x009F,BODY,BODY_TREVELYAN_JANUS,FILE_CTREVELYANZ,0x07EF,CtrevelyanZ,True,,Trevelyan,
0x43,Trevelyan Janus,MPBODY_TREVELYAN_JANUS,0x00B4,0x009F,HEAD,HEAD_TREVELYAN_Z,FILE_CHEADTREVELYANZ,0x07EE,CheadtrevelyanZ,True,,Trevelyan,
0x43,Trevelyan Janus,MPBODY_TREVELYAN_JANUS,0x00B4,0x009F,HAND,,FILE_GHAND_TREVELYANZ,0x07F0,Ghand_trevelyanZ,True,,Trevelyan,
0x44,Natalya Cuba,MPBODY_NATALYA_CUBA,0x00B5,0x0097,BODY,BODY_NATALYA_CUBA,FILE_CSPICEBONDZ,0x07F1,CspicebondZ,True,,Natalya,
0x44,Natalya Cuba,MPBODY_NATALYA_CUBA,0x00B5,0x0097,HEAD,HEAD_NATALYA,0,,,,,Natalya,head_file=0
0x44,Natalya Cuba,MPBODY_NATALYA_CUBA,0x00B5,0x0097,HAND,,FILE_GHAND_JOFROCK,0x052B,Ghand_jofrockZ,False,,Natalya,
0x45,Bond Brosnan Classic,MPBODY_BOND_BROSNAN_CLASSIC,0x00B6,0x00A0,BODY,BODY_BOND_BROSNAN_CLASSIC,FILE_CDJBOND2Z,0x07F3,Cdjbond2Z,True,,Brosnan Classic,
0x45,Bond Brosnan Classic,MPBODY_BOND_BROSNAN_CLASSIC,0x00B6,0x00A0,HEAD,HEAD_BROSNAN_CLASSIC,FILE_CHEADBROSNANZ,0x07F2,CheadbrosnanZ,True,,Brosnan Classic,
0x45,Bond Brosnan Classic,MPBODY_BOND_BROSNAN_CLASSIC,0x00B6,0x00A0,HAND,,FILE_GHAND_BONDZ,0x07F4,Ghand_bondZ,True,,Brosnan Classic,
0x46,Bond Dalton Classic,MPBODY_BOND_DALTON_CLASSIC,0x00B7,0x00A1,BODY,BODY_BOND_DALTON_CLASSIC,FILE_CDALTON2Z,0x07F6,Cdalton2Z,True,,Dalton Classic,
0x46,Bond Dalton Classic,MPBODY_BOND_DALTON_CLASSIC,0x00B7,0x00A1,HEAD,HEAD_DALTON_CLASSIC,FILE_CHEADDALTONZ,0x07F5,CheaddaltonZ,True,,Dalton Classic,
0x46,Bond Dalton Classic,MPBODY_BOND_DALTON_CLASSIC,0x00B7,0x00A1,HAND,,FILE_GHAND_BONDZ,0x07F4,Ghand_bondZ,True,,Dalton Classic,
0x47,Bond Connery Classic,MPBODY_BOND_CONNERY_CLASSIC,0x00B8,0x00A2,BODY,BODY_BOND_CONNERY_CLASSIC,FILE_CCONNERY2Z,0x07F8,Cconnery2Z,True,,Connery Classic,
0x47,Bond Connery Classic,MPBODY_BOND_CONNERY_CLASSIC,0x00B8,0x00A2,HEAD,HEAD_CONNERY_CLASSIC,FILE_CHEADCONNERYZ,0x07F7,CheadconneryZ,True,,Connery Classic,
0x47,Bond Connery Classic,MPBODY_BOND_CONNERY_CLASSIC,0x00B8,0x00A2,HAND,,FILE_GHAND_BONDWHITEZ,0x07F9,Ghand_bondwhiteZ,True,,Connery Classic,
0x48,Bond Moore Classic,MPBODY_BOND_MOORE_CLASSIC,0x00B9,0x00A3,BODY,BODY_BOND_MOORE_CLASSIC,FILE_CMOORE2Z,0x07FB,Cmoore2Z,True,,Moore Classic,
0x48,Bond Moore Classic,MPBODY_BOND_MOORE_CLASSIC,0x00B9,0x00A3,HEAD,HEAD_MOORE_CLASSIC,FILE_CHEADMOOREZ,0x07FA,CheadmooreZ,True,,Moore Classic,
0x48,Bond Moore Classic,MPBODY_BOND_MOORE_CLASSIC,0x00B9,0x00A3,HAND,,FILE_GHAND_BONDZ,0x07F4,Ghand_bondZ,True,,Moore Classic,
0x49,Bond Lazenby Classic,MPBODY_BOND_LAZENBY_CLASSIC,0x00BA,0x00A4,BODY,BODY_BOND_LAZENBY_CLASSIC,FILE_CLAZENBYZ,0x07FD,ClazenbyZ,True,,Lazenby Classic,
0x49,Bond Lazenby Classic,MPBODY_BOND_LAZENBY_CLASSIC,0x00BA,0x00A4,HEAD,HEAD_LAZENBY_CLASSIC,FILE_CHEADLAZENBYZ,0x07FC,CheadlazenbyZ,True,,Lazenby Classic,
0x49,Bond Lazenby Classic,MPBODY_BOND_LAZENBY_CLASSIC,0x00BA,0x00A4,HAND,,FILE_GHAND_BONDZ,0x07F4,Ghand_bondZ,True,,Lazenby Classic,
0x4A,Jaws,MPBODY_JAWS,0x00BB,0x00A5,BODY,BODY_JAWS,FILE_CJAWSZ,0x07FF,CjawsZ,True,,Jaws,
0x4A,Jaws,MPBODY_JAWS,0x00BB,0x00A5,HEAD,HEAD_JAWS_Z,FILE_CHEADJAWSZ,0x07FE,CheadjawsZ,True,,Jaws,
0x4A,Jaws,MPBODY_JAWS,0x00BB,0x00A5,HAND,,FILE_GHAND_MRBLONDE,0x0532,Ghand_mrblondeZ,False,,Jaws,
0x4B,Snowguard,MPBODY_SNOWGUARD,0x00BC,0x00A6,BODY,BODY_SNOWGUARD,FILE_CSNOWGUARDZ,0x0801,CsnowguardZ,True,,Snowguard,
0x4B,Snowguard,MPBODY_SNOWGUARD,0x00BC,0x00A6,HEAD,HEAD_SNOWGUARD_Z,FILE_CHEADSNOWGUARDZ,0x0800,CheadsnowguardZ,True,,Snowguard,
0x4B,Snowguard,MPBODY_SNOWGUARD,0x00BC,0x00A6,HAND,,FILE_GHAND_SNOWGUARDZ,0x0802,Ghand_snowguardZ,True,,Snowguard,
0x4C,Bond Arctic,MPBODY_BOND_ARCTIC,0x00BD,0x00A7,BODY,BODY_BOND_ARCTIC,FILE_CSNOWBONDZ,0x0804,CsnowbondZ,True,,Brosnan Variant,
0x4C,Bond Arctic,MPBODY_BOND_ARCTIC,0x00BD,0x00A7,HEAD,HEAD_BROSNAN_VARIANT,FILE_CHEADBROSNAN2Z,0x0803,Cheadbrosnan2Z,True,,Brosnan Variant,
0x4C,Bond Arctic,MPBODY_BOND_ARCTIC,0x00BD,0x00A7,HAND,,FILE_GHAND_SNOWGUARDZ,0x0802,Ghand_snowguardZ,True,,Brosnan Variant,
0x4D,Mishkin,MPBODY_MISHKIN_Z,0x00BE,0x00A8,BODY,BODY_MISHKIN_Z,FILE_CGREATGUARDZ,0x0806,CgreatguardZ,True,,Mishkin,
0x4D,Mishkin,MPBODY_MISHKIN_Z,0x00BE,0x00A8,HEAD,HEAD_MISHKIN_Z,FILE_CHEADMISHKINZ,0x0805,CheadmishkinZ,True,,Mishkin,
0x4D,Mishkin,MPBODY_MISHKIN_Z,0x00BE,0x00A8,HAND,,FILE_GHAND_MISHKINZ,0x0807,Ghand_mishkinZ,True,,Mishkin,
0x4E,Bond Formal,MPBODY_BOND_FORMAL,0x00BF,0x00A7,BODY,BODY_BOND_FORMAL,FILE_CSUITBONDZ,0x0808,CsuitbondZ,True,,Brosnan Variant,
0x4E,Bond Formal,MPBODY_BOND_FORMAL,0x00BF,0x00A7,HEAD,HEAD_BROSNAN_VARIANT,FILE_CHEADBROSNAN2Z,0x0803,Cheadbrosnan2Z,True,,Brosnan Variant,
0x4E,Bond Formal,MPBODY_BOND_FORMAL,0x00BF,0x00A7,HAND,,FILE_GHAND_BLUE_SUITZ,0x0809,Ghand_blue_suitZ,True,,Brosnan Variant,
0x4F,Bond Stealth,MPBODY_BOND_STEALTH,0x00C0,0x00A7,BODY,BODY_BOND_STEALTH,FILE_CBOILERBONDZ,0x080A,CboilerbondZ,True,,Brosnan Variant,
0x4F,Bond Stealth,MPBODY_BOND_STEALTH,0x00C0,0x00A7,HEAD,HEAD_BROSNAN_VARIANT,FILE_CHEADBROSNAN2Z,0x0803,Cheadbrosnan2Z,True,,Brosnan Variant,
0x4F,Bond Stealth,MPBODY_BOND_STEALTH,0x00C0,0x00A7,HAND,,FILE_GHAND_BLACKSTEALTHZ,0x080B,Ghand_blackstealthZ,True,,Brosnan Variant,
0x50,Trevelyan 006,MPBODY_TREVELYAN_006,0x00C1,0x009F,BODY,BODY_TREVELYAN_006,FILE_CBOILERTREVZ,0x080C,CboilertrevZ,True,,Trevelyan,
0x50,Trevelyan 006,MPBODY_TREVELYAN_006,0x00C1,0x009F,HEAD,HEAD_TREVELYAN_Z,FILE_CHEADTREVELYANZ,0x07EE,CheadtrevelyanZ,True,,Trevelyan,
0x50,Trevelyan 006,MPBODY_TREVELYAN_006,0x00C1,0x009F,HAND,,FILE_GHAND_BLACKSTEALTHZ,0x080B,Ghand_blackstealthZ,True,,Trevelyan,
0x51,Bond Jungle,MPBODY_BOND_JUNGLE,0x00C2,0x00A7,BODY,BODY_BOND_JUNGLE,FILE_CTIMBERBONDZ,0x080D,CtimberbondZ,True,,Brosnan Variant,
0x51,Bond Jungle,MPBODY_BOND_JUNGLE,0x00C2,0x00A7,HEAD,HEAD_BROSNAN_VARIANT,FILE_CHEADBROSNAN2Z,0x0803,Cheadbrosnan2Z,True,,Brosnan Variant,
0x51,Bond Jungle,MPBODY_BOND_JUNGLE,0x00C2,0x00A7,HAND,,FILE_GHAND_JOFROCK,0x052B,Ghand_jofrockZ,False,,Brosnan Variant,
0x52,Boris,MPBODY_BORIS,0x00C3,0x00A9,BODY,BODY_BORIS,FILE_CBORISZ,0x080F,CborisZ,True,,Boris,
0x52,Boris,MPBODY_BORIS,0x00C3,0x00A9,HEAD,HEAD_BORIS_Z,FILE_CHEADBORISZ,0x080E,CheadborisZ,True,,Boris,
0x52,Boris,MPBODY_BORIS,0x00C3,0x00A9,HAND,,FILE_GHAND_BORISZ,0x0810,Ghand_borisZ,True,,Boris,
0x53,Valentin,MPBODY_VALENTIN,0x00C4,0x00AA,BODY,BODY_VALENTIN,FILE_CVALENTINZ,0x0812,CvalentinZ,True,,Valentin,
0x53,Valentin,MPBODY_VALENTIN,0x00C4,0x00AA,HEAD,HEAD_VALENTIN_Z,FILE_CHEADVALENTINZ,0x0811,CheadvalentinZ,True,,Valentin,
0x53,Valentin,MPBODY_VALENTIN,0x00C4,0x00AA,HAND,,FILE_GHAND_ODDJOBZ,0x07ED,Ghand_oddjobZ,True,,Valentin,
0x54,Mayday,MPBODY_MAYDAY,0x00C5,0x00AB,BODY,BODY_MAYDAY,FILE_CMAYDAYZ,0x0814,CmaydayZ,True,,Mayday,
0x54,Mayday,MPBODY_MAYDAY,0x00C5,0x00AB,HEAD,HEAD_MAYDAY_Z,FILE_CHEADMAYDAYZ,0x0813,CheadmaydayZ,True,,Mayday,
0x54,Mayday,MPBODY_MAYDAY,0x00C5,0x00AB,HAND,,FILE_GHAND_MAYDAYZ,0x0815,Ghand_maydayZ,True,,Mayday,
0x55,Baron Samedi,MPBODY_BARON_SAMEDI,0x00C6,0x00AC,BODY,BODY_BARON_SAMEDI,FILE_CBARONSAMEDIZ,0x0817,CbaronsamediZ,True,,Baron Samedi,
0x55,Baron Samedi,MPBODY_BARON_SAMEDI,0x00C6,0x00AC,HEAD,HEAD_BARON_SAMEDI_Z,FILE_CHEADBARONSAMEDIZ,0x0816,CheadbaronsamediZ,True,,Baron Samedi,
0x55,Baron Samedi,MPBODY_BARON_SAMEDI,0x00C6,0x00AC,HAND,,FILE_GHAND_SAMEDIZ,0x0818,Ghand_samediZ,True,,Baron Samedi,
0x56,Baron Samedi Death,MPBODY_BARON_SAMEDI_DEATH,0x00C7,0x00AD,BODY,BODY_BARON_SAMEDI_DEATH,FILE_CBARONSAMEDI2Z,0x081A,Cbaronsamedi2Z,True,,Baron Samedi Death,
0x56,Baron Samedi Death,MPBODY_BARON_SAMEDI_DEATH,0x00C7,0x00AD,HEAD,HEAD_BARON_SAMEDI_DEATH_Z,FILE_CHEADBARONSAMEDI2Z,0x0819,Cheadbaronsamedi2Z,True,,Baron Samedi Death,
0x56,Baron Samedi Death,MPBODY_BARON_SAMEDI_DEATH,0x00C7,0x00AD,HAND,,FILE_GHAND_SAMEDI2Z,0x081B,Ghand_samedi2Z,True,,Baron Samedi Death,
0x57,Santa,MPBODY_SANTA,0x00C8,0x00AE,BODY,BODY_SANTA,FILE_CSANTAZ,0x081D,CsantaZ,True,,Santa,
0x57,Santa,MPBODY_SANTA,0x00C8,0x00AE,HEAD,HEAD_SANTA_Z,FILE_CHEADSANTAZ,0x081C,CheadsantaZ,True,,Santa,
0x57,Santa,MPBODY_SANTA,0x00C8,0x00AE,HAND,,FILE_GHAND_SANTAZ,0x081E,Ghand_santaZ,True,,Santa,
0x58,Elf,MPBODY_ELF,0x00C9,0x00AF,BODY,BODY_ELF,FILE_CELFZ,0x0820,CelfZ,True,,Elf,
0x58,Elf,MPBODY_ELF,0x00C9,0x00AF,HEAD,HEAD_ELF_Z,FILE_CHEADELFZ,0x081F,CheadelfZ,True,,Elf,
0x58,Elf,MPBODY_ELF,0x00C9,0x00AF,HAND,,FILE_GHAND_ELFZ,0x0821,Ghand_elfZ,True,,Elf,
0x59,Pilot Ge,MPBODY_PILOT_GE,0x00CA,0x00B0,BODY,BODY_PILOT_GE,FILE_CPILOTZ,0x0823,CpilotZ,True,,Pilot,
0x59,Pilot Ge,MPBODY_PILOT_GE,0x00CA,0x00B0,HEAD,HEAD_PILOT_Z,FILE_CHEADPILOTZ,0x0822,CheadpilotZ,True,,Pilot,
0x59,Pilot Ge,MPBODY_PILOT_GE,0x00CA,0x00B0,HAND,,FILE_GHAND_PILOTZ,0x0824,Ghand_pilotZ,True,,Pilot,
0x5A,Marion,MPBODY_MARION,0x00CB,0x00B1,BODY,BODY_MARION,FILE_CFATTECHWOMANZ,0x0826,CfattechwomanZ,True,,Marion,
0x5A,Marion,MPBODY_MARION,0x00CB,0x00B1,HEAD,HEAD_MARION_Z,FILE_CHEADMARIONZ,0x0825,CheadmarionZ,True,,Marion,
0x5A,Marion,MPBODY_MARION,0x00CB,0x00B1,HAND,,FILE_GHAND_JOFROCK,0x052B,Ghand_jofrockZ,False,,Marion,
0x5B,Bond Connery Alps,MPBODY_BOND_CONNERY_ALPS,0x00CC,0x00A2,BODY,BODY_BOND_CONNERY_ALPS,FILE_CBONDALPSZ,0x0827,CbondalpsZ,True,,Connery Classic,
0x5B,Bond Connery Alps,MPBODY_BOND_CONNERY_ALPS,0x00CC,0x00A2,HEAD,HEAD_CONNERY_CLASSIC,FILE_CHEADCONNERYZ,0x07F7,CheadconneryZ,True,,Connery Classic,
0x5B,Bond Connery Alps,MPBODY_BOND_CONNERY_ALPS,0x00CC,0x00A2,HAND,,FILE_GHAND_BONDALPSZ,0x0828,Ghand_bondalpsZ,True,,Connery Classic,
0x5C,Bond Connery Ranch,MPBODY_BOND_CONNERY_RANCH,0x00CD,0x00A2,BODY,BODY_BOND_CONNERY_RANCH,FILE_CBONDRANCHZ,0x0829,CbondranchZ,True,,Connery Classic,
0x5C,Bond Connery Ranch,MPBODY_BOND_CONNERY_RANCH,0x00CD,0x00A2,HEAD,HEAD_CONNERY_CLASSIC,FILE_CHEADCONNERYZ,0x07F7,CheadconneryZ,True,,Connery Classic,
0x5C,Bond Connery Ranch,MPBODY_BOND_CONNERY_RANCH,0x00CD,0x00A2,HAND,,FILE_GHAND_BONDRANCHZ,0x082A,Ghand_bondranchZ,True,,Connery Classic,
0x5D,Galore Plane,MPBODY_GALORE_PLANE,0x00CE,0x00B2,BODY,BODY_GALORE_PLANE,FILE_CGALOREPLANEZ,0x082C,CgaloreplaneZ,True,,Galore,
0x5D,Galore Plane,MPBODY_GALORE_PLANE,0x00CE,0x00B2,HEAD,HEAD_GALORE_Z,FILE_CHEADGALOREZ,0x082B,CheadgaloreZ,True,,Galore,
0x5D,Galore Plane,MPBODY_GALORE_PLANE,0x00CE,0x00B2,HAND,,FILE_GHAND_MISHKINZ,0x0807,Ghand_mishkinZ,True,,Galore,
0x5E,Galore Ranch,MPBODY_GALORE_RANCH,0x00CF,0x00B2,BODY,BODY_GALORE_RANCH,FILE_CGALORERANCHZ,0x082D,CgaloreranchZ,True,,Galore,
0x5E,Galore Ranch,MPBODY_GALORE_RANCH,0x00CF,0x00B2,HEAD,HEAD_GALORE_Z,FILE_CHEADGALOREZ,0x082B,CheadgaloreZ,True,,Galore,
0x5E,Galore Ranch,MPBODY_GALORE_RANCH,0x00CF,0x00B2,HAND,,FILE_GHAND_GALORERANCHZ,0x082E,Ghand_galoreranchZ,True,,Galore,
0x5F,Sogun,MPBODY_SOGUN,0x00D0,0x00B3,BODY,BODY_SOGUN,FILE_CSOGUNTRONZ,0x0830,CsoguntronZ,True,,Sogun,
0x5F,Sogun,MPBODY_SOGUN,0x00D0,0x00B3,HEAD,HEAD_SOGUN_Z,FILE_CHEADSOGUNZ,0x082F,CheadsogunZ,True,,Sogun,
0x5F,Sogun,MPBODY_SOGUN,0x00D0,0x00B3,HAND,,FILE_GHAND_SOGUNTRONZ,0x0831,Ghand_soguntronZ,True,,Sogun,
0x60,Natalya Santa,MPBODY_NATALYA_SANTA,0x00D1,0x0097,BODY,BODY_NATALYA_SANTA,FILE_CNATALYA_XMASZ,0x0832,Cnatalya_xmasZ,True,,Natalya,
0x60,Natalya Santa,MPBODY_NATALYA_SANTA,0x00D1,0x0097,HEAD,HEAD_NATALYA,0,,,,,Natalya,head_file=0
0x60,Natalya Santa,MPBODY_NATALYA_SANTA,0x00D1,0x0097,HAND,,FILE_GHAND_JOFROCK,0x052B,Ghand_jofrockZ,False,,Natalya,
0x61,Natalya Elf,MPBODY_NATALYA_ELF,0x00D2,0x0097,BODY,BODY_NATALYA_ELF,FILE_CNATALYA_ELFZ,0x0833,Cnatalya_elfZ,True,,Natalya,
0x61,Natalya Elf,MPBODY_NATALYA_ELF,0x00D2,0x0097,HEAD,HEAD_NATALYA,0,,,,,Natalya,head_file=0
0x61,Natalya Elf,MPBODY_NATALYA_ELF,0x00D2,0x0097,HAND,,FILE_GHAND_JOFROCK,0x052B,Ghand_jofrockZ,False,,Natalya,
0x62,Officeworker,MPBODY_OFFICEWORKER,0x0063,0x00D3,BODY,BODY_OFFICEWORKER,FILE_COFFICEWORKER,0x004F,CofficeworkerZ,False,,Doak1,
0x62,Officeworker,MPBODY_OFFICEWORKER,0x0063,0x00D3,HEAD,HEAD_DOAK_Z1,FILE_CHEADDAVEDZ,0x0834,CheaddavedZ,True,,Doak1,
0x62,Officeworker,MPBODY_OFFICEWORKER,0x0063,0x00D3,HAND,,FILE_GHAND_JOFROCK,0x052B,Ghand_jofrockZ,False,,Doak1,
0x63,Officeworker,MPBODY_OFFICEWORKER,0x0063,0x00D4,BODY,BODY_OFFICEWORKER,FILE_COFFICEWORKER,0x004F,CofficeworkerZ,False,,Doak2,
0x63,Officeworker,MPBODY_OFFICEWORKER,0x0063,0x00D4,HEAD,HEAD_DOAK_Z2,FILE_CHEADDAVED2Z,0x0835,Cheaddaved2Z,True,,Doak2,
0x63,Officeworker,MPBODY_OFFICEWORKER,0x0063,0x00D4,HAND,,FILE_GHAND_JOFROCK,0x052B,Ghand_jofrockZ,False,,Doak2,
0x64,Dd Guard,MPBODY_DD_GUARD,0x006E,0x00D5,BODY,BODY_DD_GUARD,FILE_CDD_GUARD,0x01BF,Cdd_guardZ,False,,Terrorist,
0x64,Dd Guard,MPBODY_DD_GUARD,0x006E,0x00D5,HEAD,HEAD_TERRORIST_Z,FILE_CHEADBALACLAVAZ,0x0836,CheadbalaclavaZ,True,,Terrorist,
0x64,Dd Guard,MPBODY_DD_GUARD,0x006E,0x00D5,HAND,,FILE_GHAND_DDSECURITY,0x0538,Ghand_ddsecurityZ,False,,Terrorist,
0x65,Officeworker,MPBODY_OFFICEWORKER,0x0063,0x00D6,BODY,BODY_OFFICEWORKER,FILE_COFFICEWORKER,0x004F,CofficeworkerZ,False,,Dwayne,
0x65,Officeworker,MPBODY_OFFICEWORKER,0x0063,0x00D6,HEAD,HEAD_DWAYNE_Z,FILE_CHEADDWAYNEZ,0x0837,CheaddwayneZ,True,,Dwayne,
0x65,Officeworker,MPBODY_OFFICEWORKER,0x0063,0x00D6,HAND,,FILE_GHAND_JOFROCK,0x052B,Ghand_jofrockZ,False,,Dwayne,
0x66,Officeworker,MPBODY_OFFICEWORKER,0x0063,0x00D8,BODY,BODY_OFFICEWORKER,FILE_COFFICEWORKER,0x004F,CofficeworkerZ,False,,Karl2,
0x66,Officeworker,MPBODY_OFFICEWORKER,0x0063,0x00D8,HEAD,HEAD_KARL_Z2,FILE_CHEADKARL2Z,0x0839,Cheadkarl2Z,True,,Karl2,
0x66,Officeworker,MPBODY_OFFICEWORKER,0x0063,0x00D8,HAND,,FILE_GHAND_JOFROCK,0x052B,Ghand_jofrockZ,False,,Karl2,
0x67,Officeworker,MPBODY_OFFICEWORKER,0x0063,0x00DB,BODY,BODY_OFFICEWORKER,FILE_COFFICEWORKER,0x004F,CofficeworkerZ,False,,Duncan1,
0x67,Officeworker,MPBODY_OFFICEWORKER,0x0063,0x00DB,HEAD,HEAD_DUNCAN_Z1,FILE_CHEADDUNCAN0Z,0x083C,Cheadduncan0Z,True,,Duncan1,
0x67,Officeworker,MPBODY_OFFICEWORKER,0x0063,0x00DB,HAND,,FILE_GHAND_JOFROCK,0x052B,Ghand_jofrockZ,False,,Duncan1,
0x68,Officeworker,MPBODY_OFFICEWORKER,0x0063,0x00DC,BODY,BODY_OFFICEWORKER,FILE_COFFICEWORKER,0x004F,CofficeworkerZ,False,,Duncan2,
0x68,Officeworker,MPBODY_OFFICEWORKER,0x0063,0x00DC,HEAD,HEAD_DUNCAN_Z2,FILE_CHEADDUNCAN01Z,0x083D,Cheadduncan01Z,True,,Duncan2,
0x68,Officeworker,MPBODY_OFFICEWORKER,0x0063,0x00DC,HAND,,FILE_GHAND_JOFROCK,0x052B,Ghand_jofrockZ,False,,Duncan2,
0x69,Officeworker,MPBODY_OFFICEWORKER,0x0063,0x00DE,BODY,BODY_OFFICEWORKER,FILE_COFFICEWORKER,0x004F,CofficeworkerZ,False,,Grant,
0x69,Officeworker,MPBODY_OFFICEWORKER,0x0063,0x00DE,HEAD,HEAD_GRANT_Z,FILE_CHEADGRANT0Z,0x083F,Cheadgrant0Z,True,,Grant,
0x69,Officeworker,MPBODY_OFFICEWORKER,0x0063,0x00DE,HAND,,FILE_GHAND_JOFROCK,0x052B,Ghand_jofrockZ,False,,Grant,
0x6A,Officeworker,MPBODY_OFFICEWORKER,0x0063,0x00DF,BODY,BODY_OFFICEWORKER,FILE_COFFICEWORKER,0x004F,CofficeworkerZ,False,,Robin,
0x6A,Officeworker,MPBODY_OFFICEWORKER,0x0063,0x00DF,HEAD,HEAD_ROBIN_Z,FILE_CHEADROBIN0Z,0x0840,Cheadrobin0Z,True,,Robin,
0x6A,Officeworker,MPBODY_OFFICEWORKER,0x0063,0x00DF,HAND,,FILE_GHAND_JOFROCK,0x052B,Ghand_jofrockZ,False,,Robin,
0x6B,Officeworker,MPBODY_OFFICEWORKER,0x0063,0x00E0,BODY,BODY_OFFICEWORKER,FILE_COFFICEWORKER,0x004F,CofficeworkerZ,False,,Graeme1,
0x6B,Officeworker,MPBODY_OFFICEWORKER,0x0063,0x00E0,HEAD,HEAD_GRAEME_Z1,FILE_CHEADGRAEMEZ,0x0841,CheadgraemeZ,True,,Graeme1,
0x6B,Officeworker,MPBODY_OFFICEWORKER,0x0063,0x00E0,HAND,,FILE_GHAND_JOFROCK,0x052B,Ghand_jofrockZ,False,,Graeme1,
0x6C,Officeworker,MPBODY_OFFICEWORKER,0x0063,0x00E1,BODY,BODY_OFFICEWORKER,FILE_COFFICEWORKER,0x004F,CofficeworkerZ,False,,Graeme2,
0x6C,Officeworker,MPBODY_OFFICEWORKER,0x0063,0x00E1,HEAD,HEAD_GRAEME_Z2,FILE_CHEADGRAEME2Z,0x0842,Cheadgraeme2Z,True,,Graeme2,
0x6C,Officeworker,MPBODY_OFFICEWORKER,0x0063,0x00E1,HAND,,FILE_GHAND_JOFROCK,0x052B,Ghand_jofrockZ,False,,Graeme2,
0x6D,Officeworker,MPBODY_OFFICEWORKER,0x0063,0x00E3,BODY,BODY_OFFICEWORKER,FILE_COFFICEWORKER,0x004F,CofficeworkerZ,False,,Ken Lobb,
0x6D,Officeworker,MPBODY_OFFICEWORKER,0x0063,0x00E3,HEAD,HEAD_KEN_LOBB_Z,FILE_CHEADKEN0Z,0x0844,Cheadken0Z,True,,Ken Lobb,
0x6D,Officeworker,MPBODY_OFFICEWORKER,0x0063,0x00E3,HAND,,FILE_GHAND_JOFROCK,0x052B,Ghand_jofrockZ,False,,Ken Lobb,
